CRITICAL - 2026-05-02 17:27:08 --> ParseError: Unclosed '{' on line 14
[Method: GET, Route: /]
in APPPATH\Config\Routes.php on line 18.
 1 SYSTEMPATH\CodeIgniter.php(818): CodeIgniter\Router\RouteCollection->loadRoutes()
 2 SYSTEMPATH\CodeIgniter.php(441): CodeIgniter\CodeIgniter->tryToRouteIt(null)
 3 SYSTEMPATH\CodeIgniter.php(340): CodeIgniter\CodeIgniter->handleRequest(null, Object(Config\Cache), false)
 4 SYSTEMPATH\Boot.php(417): CodeIgniter\CodeIgniter->run()
 5 SYSTEMPATH\Boot.php(68): CodeIgniter\Boot::runCodeIgniter(Object(CodeIgniter\CodeIgniter))
 6 FCPATH\index.php(59): CodeIgniter\Boot::bootWeb(Object(Config\Paths))
CRITICAL - 2026-05-02 17:27:48 --> ParseError: Unclosed '{' on line 14
[Method: GET, Route: /]
in APPPATH\Config\Routes.php on line 18.
 1 SYSTEMPATH\CodeIgniter.php(818): CodeIgniter\Router\RouteCollection->loadRoutes()
 2 SYSTEMPATH\CodeIgniter.php(441): CodeIgniter\CodeIgniter->tryToRouteIt(null)
 3 SYSTEMPATH\CodeIgniter.php(340): CodeIgniter\CodeIgniter->handleRequest(null, Object(Config\Cache), false)
 4 SYSTEMPATH\Boot.php(417): CodeIgniter\CodeIgniter->run()
 5 SYSTEMPATH\Boot.php(68): CodeIgniter\Boot::runCodeIgniter(Object(CodeIgniter\CodeIgniter))
 6 FCPATH\index.php(59): CodeIgniter\Boot::bootWeb(Object(Config\Paths))
CRITICAL - 2026-05-02 17:28:04 --> ParseError: Unclosed '{' on line 14
[Method: GET, Route: /]
in APPPATH\Config\Routes.php on line 18.
 1 SYSTEMPATH\CodeIgniter.php(818): CodeIgniter\Router\RouteCollection->loadRoutes()
 2 SYSTEMPATH\CodeIgniter.php(441): CodeIgniter\CodeIgniter->tryToRouteIt(null)
 3 SYSTEMPATH\CodeIgniter.php(340): CodeIgniter\CodeIgniter->handleRequest(null, Object(Config\Cache), false)
 4 SYSTEMPATH\Boot.php(417): CodeIgniter\CodeIgniter->run()
 5 SYSTEMPATH\Boot.php(68): CodeIgniter\Boot::runCodeIgniter(Object(CodeIgniter\CodeIgniter))
 6 FCPATH\index.php(59): CodeIgniter\Boot::bootWeb(Object(Config\Paths))
CRITICAL - 2026-05-02 17:29:44 --> ParseError: Unclosed '{' on line 14
[Method: GET, Route: /]
in APPPATH\Config\Routes.php on line 18.
 1 SYSTEMPATH\CodeIgniter.php(818): CodeIgniter\Router\RouteCollection->loadRoutes()
 2 SYSTEMPATH\CodeIgniter.php(441): CodeIgniter\CodeIgniter->tryToRouteIt(null)
 3 SYSTEMPATH\CodeIgniter.php(340): CodeIgniter\CodeIgniter->handleRequest(null, Object(Config\Cache), false)
 4 SYSTEMPATH\Boot.php(417): CodeIgniter\CodeIgniter->run()
 5 SYSTEMPATH\Boot.php(68): CodeIgniter\Boot::runCodeIgniter(Object(CodeIgniter\CodeIgniter))
 6 FCPATH\index.php(59): CodeIgniter\Boot::bootWeb(Object(Config\Paths))
CRITICAL - 2026-05-02 17:29:48 --> ParseError: Unclosed '{' on line 14
[Method: GET, Route: /]
in APPPATH\Config\Routes.php on line 18.
 1 SYSTEMPATH\CodeIgniter.php(818): CodeIgniter\Router\RouteCollection->loadRoutes()
 2 SYSTEMPATH\CodeIgniter.php(441): CodeIgniter\CodeIgniter->tryToRouteIt(null)
 3 SYSTEMPATH\CodeIgniter.php(340): CodeIgniter\CodeIgniter->handleRequest(null, Object(Config\Cache), false)
 4 SYSTEMPATH\Boot.php(417): CodeIgniter\CodeIgniter->run()
 5 SYSTEMPATH\Boot.php(68): CodeIgniter\Boot::runCodeIgniter(Object(CodeIgniter\CodeIgniter))
 6 FCPATH\index.php(59): CodeIgniter\Boot::bootWeb(Object(Config\Paths))
CRITICAL - 2026-05-02 17:32:17 --> ParseError: Unclosed '{' on line 14
[Method: GET, Route: /]
in APPPATH\Config\Routes.php on line 18.
 1 SYSTEMPATH\CodeIgniter.php(818): CodeIgniter\Router\RouteCollection->loadRoutes()
 2 SYSTEMPATH\CodeIgniter.php(441): CodeIgniter\CodeIgniter->tryToRouteIt(null)
 3 SYSTEMPATH\CodeIgniter.php(340): CodeIgniter\CodeIgniter->handleRequest(null, Object(Config\Cache), false)
 4 SYSTEMPATH\Boot.php(417): CodeIgniter\CodeIgniter->run()
 5 SYSTEMPATH\Boot.php(68): CodeIgniter\Boot::runCodeIgniter(Object(CodeIgniter\CodeIgniter))
 6 FCPATH\index.php(59): CodeIgniter\Boot::bootWeb(Object(Config\Paths))
CRITICAL - 2026-05-02 17:33:38 --> ParseError: Unclosed '(' on line 14
[Method: GET, Route: /]
in APPPATH\Config\Routes.php on line 19.
 1 SYSTEMPATH\CodeIgniter.php(818): CodeIgniter\Router\RouteCollection->loadRoutes()
 2 SYSTEMPATH\CodeIgniter.php(441): CodeIgniter\CodeIgniter->tryToRouteIt(null)
 3 SYSTEMPATH\CodeIgniter.php(340): CodeIgniter\CodeIgniter->handleRequest(null, Object(Config\Cache), false)
 4 SYSTEMPATH\Boot.php(417): CodeIgniter\CodeIgniter->run()
 5 SYSTEMPATH\Boot.php(68): CodeIgniter\Boot::runCodeIgniter(Object(CodeIgniter\CodeIgniter))
 6 FCPATH\index.php(59): CodeIgniter\Boot::bootWeb(Object(Config\Paths))
DEBUG - 2026-05-02 17:54:52 --> Session: Class initialized using 'CodeIgniter\Session\Handlers\FileHandler' driver.
DEBUG - 2026-05-02 17:59:34 --> Session: Class initialized using 'CodeIgniter\Session\Handlers\FileHandler' driver.
DEBUG - 2026-05-02 18:03:28 --> Session: Class initialized using 'CodeIgniter\Session\Handlers\FileHandler' driver.
DEBUG - 2026-05-02 18:03:32 --> Session: Class initialized using 'CodeIgniter\Session\Handlers\FileHandler' driver.
DEBUG - 2026-05-02 18:11:55 --> Session: Class initialized using 'CodeIgniter\Session\Handlers\FileHandler' driver.
DEBUG - 2026-05-02 18:19:37 --> Session: Class initialized using 'CodeIgniter\Session\Handlers\FileHandler' driver.
DEBUG - 2026-05-02 18:19:42 --> Session: Class initialized using 'CodeIgniter\Session\Handlers\FileHandler' driver.
CRITICAL - 2026-05-02 18:19:42 --> Error: Class "App\Models\UserModel" not found
[Method: POST, Route: auth/authenticate]
in APPPATH\Controllers\Auth.php on line 17.
 1 SYSTEMPATH\CodeIgniter.php(951): App\Controllers\Auth->authenticate()
 2 SYSTEMPATH\CodeIgniter.php(497): CodeIgniter\CodeIgniter->runController(Object(App\Controllers\Auth))
 3 SYSTEMPATH\CodeIgniter.php(340): CodeIgniter\CodeIgniter->handleRequest(null, Object(Config\Cache), false)
 4 SYSTEMPATH\Boot.php(417): CodeIgniter\CodeIgniter->run()
 5 SYSTEMPATH\Boot.php(68): CodeIgniter\Boot::runCodeIgniter(Object(CodeIgniter\CodeIgniter))
 6 FCPATH\index.php(59): CodeIgniter\Boot::bootWeb(Object(Config\Paths))
 7 SYSTEMPATH\rewrite.php(44): require_once('C:\\xampp\\htdocs\\pos_ci4\\public\\index.php')
CRITICAL - 2026-05-02 18:22:00 --> ErrorException: Cannot use App\Models\UserModel as UserModel because the name is already in use
[Method: POST, Route: auth/authenticate]
in APPPATH\Controllers\Auth.php on line 5.
 1 [internal function]: CodeIgniter\Debug\Exceptions->shutdownHandler()
DEBUG - 2026-05-02 18:22:11 --> Session: Class initialized using 'CodeIgniter\Session\Handlers\FileHandler' driver.
CRITICAL - 2026-05-02 18:22:11 --> Error: Class "App\Models\UserModel" not found
[Method: POST, Route: auth/authenticate]
in APPPATH\Controllers\Auth.php on line 17.
 1 SYSTEMPATH\CodeIgniter.php(951): App\Controllers\Auth->authenticate()
 2 SYSTEMPATH\CodeIgniter.php(497): CodeIgniter\CodeIgniter->runController(Object(App\Controllers\Auth))
 3 SYSTEMPATH\CodeIgniter.php(340): CodeIgniter\CodeIgniter->handleRequest(null, Object(Config\Cache), false)
 4 SYSTEMPATH\Boot.php(417): CodeIgniter\CodeIgniter->run()
 5 SYSTEMPATH\Boot.php(68): CodeIgniter\Boot::runCodeIgniter(Object(CodeIgniter\CodeIgniter))
 6 FCPATH\index.php(59): CodeIgniter\Boot::bootWeb(Object(Config\Paths))
 7 SYSTEMPATH\rewrite.php(44): require_once('C:\\xampp\\htdocs\\pos_ci4\\public\\index.php')
DEBUG - 2026-05-02 18:23:26 --> Session: Class initialized using 'CodeIgniter\Session\Handlers\FileHandler' driver.
DEBUG - 2026-05-02 18:23:29 --> Session: Class initialized using 'CodeIgniter\Session\Handlers\FileHandler' driver.
DEBUG - 2026-05-02 18:23:34 --> Session: Class initialized using 'CodeIgniter\Session\Handlers\FileHandler' driver.
CRITICAL - 2026-05-02 18:23:34 --> Error: Class "App\Models\UserModel" not found
[Method: POST, Route: auth/authenticate]
in APPPATH\Controllers\Auth.php on line 17.
 1 SYSTEMPATH\CodeIgniter.php(951): App\Controllers\Auth->authenticate()
 2 SYSTEMPATH\CodeIgniter.php(497): CodeIgniter\CodeIgniter->runController(Object(App\Controllers\Auth))
 3 SYSTEMPATH\CodeIgniter.php(340): CodeIgniter\CodeIgniter->handleRequest(null, Object(Config\Cache), false)
 4 SYSTEMPATH\Boot.php(417): CodeIgniter\CodeIgniter->run()
 5 SYSTEMPATH\Boot.php(68): CodeIgniter\Boot::runCodeIgniter(Object(CodeIgniter\CodeIgniter))
 6 FCPATH\index.php(59): CodeIgniter\Boot::bootWeb(Object(Config\Paths))
 7 SYSTEMPATH\rewrite.php(44): require_once('C:\\xampp\\htdocs\\pos_ci4\\public\\index.php')
DEBUG - 2026-05-02 18:26:00 --> Session: Class initialized using 'CodeIgniter\Session\Handlers\FileHandler' driver.
ERROR - 2026-05-02 18:26:01 --> Error connecting to the database: mysqli_sql_exception: Access denied for user 'root'@'localhost' (using password: YES) in C:\xampp\htdocs\pos_ci4\system\Database\MySQLi\Connection.php:201
Stack trace:
#0 C:\xampp\htdocs\pos_ci4\system\Database\MySQLi\Connection.php(201): mysqli->real_connect('localhost', 'root', Object(SensitiveParameterValue), 'pos_db', 3306, '', 0)
#1 C:\xampp\htdocs\pos_ci4\system\Database\BaseConnection.php(555): CodeIgniter\Database\MySQLi\Connection->connect(false)
#2 C:\xampp\htdocs\pos_ci4\system\Database\BaseConnection.php(795): CodeIgniter\Database\BaseConnection->initialize()
#3 C:\xampp\htdocs\pos_ci4\system\Database\BaseBuilder.php(1649): CodeIgniter\Database\BaseConnection->query('SELECT *\nFROM `...', Array, false)
#4 C:\xampp\htdocs\pos_ci4\system\Model.php(295): CodeIgniter\Database\BaseBuilder->get()
#5 C:\xampp\htdocs\pos_ci4\system\BaseModel.php(714): CodeIgniter\Model->doFirst()
#6 C:\xampp\htdocs\pos_ci4\app\Controllers\Auth.php(21): CodeIgniter\BaseModel->first()
#7 C:\xampp\htdocs\pos_ci4\system\CodeIgniter.php(951): App\Controllers\Auth->authenticate()
#8 C:\xampp\htdocs\pos_ci4\system\CodeIgniter.php(497): CodeIgniter\CodeIgniter->runController(Object(App\Controllers\Auth))
#9 C:\xampp\htdocs\pos_ci4\system\CodeIgniter.php(340): CodeIgniter\CodeIgniter->handleRequest(NULL, Object(Config\Cache), false)
#10 C:\xampp\htdocs\pos_ci4\system\Boot.php(417): CodeIgniter\CodeIgniter->run()
#11 C:\xampp\htdocs\pos_ci4\system\Boot.php(68): CodeIgniter\Boot::runCodeIgniter(Object(CodeIgniter\CodeIgniter))
#12 C:\xampp\htdocs\pos_ci4\public\index.php(59): CodeIgniter\Boot::bootWeb(Object(Config\Paths))
#13 C:\xampp\htdocs\pos_ci4\system\rewrite.php(44): require_once('C:\\xampp\\htdocs...')
#14 {main}

Next CodeIgniter\Database\Exceptions\DatabaseException: Access denied for user '****'@'localhost' (using password: YES) in C:\xampp\htdocs\pos_ci4\system\Database\MySQLi\Connection.php:231
Stack trace:
#0 C:\xampp\htdocs\pos_ci4\system\Database\BaseConnection.php(555): CodeIgniter\Database\MySQLi\Connection->connect(false)
#1 C:\xampp\htdocs\pos_ci4\system\Database\BaseConnection.php(795): CodeIgniter\Database\BaseConnection->initialize()
#2 C:\xampp\htdocs\pos_ci4\system\Database\BaseBuilder.php(1649): CodeIgniter\Database\BaseConnection->query('SELECT *\nFROM `...', Array, false)
#3 C:\xampp\htdocs\pos_ci4\system\Model.php(295): CodeIgniter\Database\BaseBuilder->get()
#4 C:\xampp\htdocs\pos_ci4\system\BaseModel.php(714): CodeIgniter\Model->doFirst()
#5 C:\xampp\htdocs\pos_ci4\app\Controllers\Auth.php(21): CodeIgniter\BaseModel->first()
#6 C:\xampp\htdocs\pos_ci4\system\CodeIgniter.php(951): App\Controllers\Auth->authenticate()
#7 C:\xampp\htdocs\pos_ci4\system\CodeIgniter.php(497): CodeIgniter\CodeIgniter->runController(Object(App\Controllers\Auth))
#8 C:\xampp\htdocs\pos_ci4\system\CodeIgniter.php(340): CodeIgniter\CodeIgniter->handleRequest(NULL, Object(Config\Cache), false)
#9 C:\xampp\htdocs\pos_ci4\system\Boot.php(417): CodeIgniter\CodeIgniter->run()
#10 C:\xampp\htdocs\pos_ci4\system\Boot.php(68): CodeIgniter\Boot::runCodeIgniter(Object(CodeIgniter\CodeIgniter))
#11 C:\xampp\htdocs\pos_ci4\public\index.php(59): CodeIgniter\Boot::bootWeb(Object(Config\Paths))
#12 C:\xampp\htdocs\pos_ci4\system\rewrite.php(44): require_once('C:\\xampp\\htdocs...')
#13 {main}
CRITICAL - 2026-05-02 18:26:01 --> CodeIgniter\Database\Exceptions\DatabaseException: Unable to connect to the database.
Main connection [MySQLi]: Access denied for user '****'@'localhost' (using password: YES)
[Method: POST, Route: auth/authenticate]
in SYSTEMPATH\Database\BaseConnection.php on line 606.
 1 SYSTEMPATH\Database\BaseConnection.php(795): CodeIgniter\Database\BaseConnection->initialize()
 2 SYSTEMPATH\Database\BaseBuilder.php(1649): CodeIgniter\Database\BaseConnection->query('SELECT *
FROM `users`
WHERE `username` = :username:
 LIMIT 1', [...], false)
 3 SYSTEMPATH\Model.php(295): CodeIgniter\Database\BaseBuilder->get()
 4 SYSTEMPATH\BaseModel.php(714): CodeIgniter\Model->doFirst()
 5 APPPATH\Controllers\Auth.php(21): CodeIgniter\BaseModel->first()
 6 SYSTEMPATH\CodeIgniter.php(951): App\Controllers\Auth->authenticate()
 7 SYSTEMPATH\CodeIgniter.php(497): CodeIgniter\CodeIgniter->runController(Object(App\Controllers\Auth))
 8 SYSTEMPATH\CodeIgniter.php(340): CodeIgniter\CodeIgniter->handleRequest(null, Object(Config\Cache), false)
 9 SYSTEMPATH\Boot.php(417): CodeIgniter\CodeIgniter->run()
10 SYSTEMPATH\Boot.php(68): CodeIgniter\Boot::runCodeIgniter(Object(CodeIgniter\CodeIgniter))
11 FCPATH\index.php(59): CodeIgniter\Boot::bootWeb(Object(Config\Paths))
12 SYSTEMPATH\rewrite.php(44): require_once('C:\\xampp\\htdocs\\pos_ci4\\public\\index.php')
DEBUG - 2026-05-02 18:27:53 --> Session: Class initialized using 'CodeIgniter\Session\Handlers\FileHandler' driver.
DEBUG - 2026-05-02 18:27:54 --> Session: Class initialized using 'CodeIgniter\Session\Handlers\FileHandler' driver.
DEBUG - 2026-05-02 18:27:59 --> Session: Class initialized using 'CodeIgniter\Session\Handlers\FileHandler' driver.
ERROR - 2026-05-02 18:27:59 --> Error connecting to the database: mysqli_sql_exception: Access denied for user ''@'localhost' (using password: NO) in C:\xampp\htdocs\pos_ci4\system\Database\MySQLi\Connection.php:201
Stack trace:
#0 C:\xampp\htdocs\pos_ci4\system\Database\MySQLi\Connection.php(201): mysqli->real_connect('localhost', '', Object(SensitiveParameterValue), 'pos_db', 3306, '', 0)
#1 C:\xampp\htdocs\pos_ci4\system\Database\BaseConnection.php(555): CodeIgniter\Database\MySQLi\Connection->connect(false)
#2 C:\xampp\htdocs\pos_ci4\system\Database\BaseConnection.php(795): CodeIgniter\Database\BaseConnection->initialize()
#3 C:\xampp\htdocs\pos_ci4\system\Database\BaseBuilder.php(1649): CodeIgniter\Database\BaseConnection->query('SELECT *\nFROM `...', Array, false)
#4 C:\xampp\htdocs\pos_ci4\system\Model.php(295): CodeIgniter\Database\BaseBuilder->get()
#5 C:\xampp\htdocs\pos_ci4\system\BaseModel.php(714): CodeIgniter\Model->doFirst()
#6 C:\xampp\htdocs\pos_ci4\app\Controllers\Auth.php(21): CodeIgniter\BaseModel->first()
#7 C:\xampp\htdocs\pos_ci4\system\CodeIgniter.php(951): App\Controllers\Auth->authenticate()
#8 C:\xampp\htdocs\pos_ci4\system\CodeIgniter.php(497): CodeIgniter\CodeIgniter->runController(Object(App\Controllers\Auth))
#9 C:\xampp\htdocs\pos_ci4\system\CodeIgniter.php(340): CodeIgniter\CodeIgniter->handleRequest(NULL, Object(Config\Cache), false)
#10 C:\xampp\htdocs\pos_ci4\system\Boot.php(417): CodeIgniter\CodeIgniter->run()
#11 C:\xampp\htdocs\pos_ci4\system\Boot.php(68): CodeIgniter\Boot::runCodeIgniter(Object(CodeIgniter\CodeIgniter))
#12 C:\xampp\htdocs\pos_ci4\public\index.php(59): CodeIgniter\Boot::bootWeb(Object(Config\Paths))
#13 C:\xampp\htdocs\pos_ci4\system\rewrite.php(44): require_once('C:\\xampp\\htdocs...')
#14 {main}

Next CodeIgniter\Database\Exceptions\DatabaseException: Access denied for user ''@'localhost' (using password: NO) in C:\xampp\htdocs\pos_ci4\system\Database\MySQLi\Connection.php:231
Stack trace:
#0 C:\xampp\htdocs\pos_ci4\system\Database\BaseConnection.php(555): CodeIgniter\Database\MySQLi\Connection->connect(false)
#1 C:\xampp\htdocs\pos_ci4\system\Database\BaseConnection.php(795): CodeIgniter\Database\BaseConnection->initialize()
#2 C:\xampp\htdocs\pos_ci4\system\Database\BaseBuilder.php(1649): CodeIgniter\Database\BaseConnection->query('SELECT *\nFROM `...', Array, false)
#3 C:\xampp\htdocs\pos_ci4\system\Model.php(295): CodeIgniter\Database\BaseBuilder->get()
#4 C:\xampp\htdocs\pos_ci4\system\BaseModel.php(714): CodeIgniter\Model->doFirst()
#5 C:\xampp\htdocs\pos_ci4\app\Controllers\Auth.php(21): CodeIgniter\BaseModel->first()
#6 C:\xampp\htdocs\pos_ci4\system\CodeIgniter.php(951): App\Controllers\Auth->authenticate()
#7 C:\xampp\htdocs\pos_ci4\system\CodeIgniter.php(497): CodeIgniter\CodeIgniter->runController(Object(App\Controllers\Auth))
#8 C:\xampp\htdocs\pos_ci4\system\CodeIgniter.php(340): CodeIgniter\CodeIgniter->handleRequest(NULL, Object(Config\Cache), false)
#9 C:\xampp\htdocs\pos_ci4\system\Boot.php(417): CodeIgniter\CodeIgniter->run()
#10 C:\xampp\htdocs\pos_ci4\system\Boot.php(68): CodeIgniter\Boot::runCodeIgniter(Object(CodeIgniter\CodeIgniter))
#11 C:\xampp\htdocs\pos_ci4\public\index.php(59): CodeIgniter\Boot::bootWeb(Object(Config\Paths))
#12 C:\xampp\htdocs\pos_ci4\system\rewrite.php(44): require_once('C:\\xampp\\htdocs...')
#13 {main}
CRITICAL - 2026-05-02 18:27:59 --> CodeIgniter\Database\Exceptions\DatabaseException: Unable to connect to the database.
Main connection [MySQLi]: Access denied for user ''@'localhost' (using password: NO)
[Method: POST, Route: auth/authenticate]
in SYSTEMPATH\Database\BaseConnection.php on line 606.
 1 SYSTEMPATH\Database\BaseConnection.php(795): CodeIgniter\Database\BaseConnection->initialize()
 2 SYSTEMPATH\Database\BaseBuilder.php(1649): CodeIgniter\Database\BaseConnection->query('SELECT *
FROM `users`
WHERE `username` = :username:
 LIMIT 1', [...], false)
 3 SYSTEMPATH\Model.php(295): CodeIgniter\Database\BaseBuilder->get()
 4 SYSTEMPATH\BaseModel.php(714): CodeIgniter\Model->doFirst()
 5 APPPATH\Controllers\Auth.php(21): CodeIgniter\BaseModel->first()
 6 SYSTEMPATH\CodeIgniter.php(951): App\Controllers\Auth->authenticate()
 7 SYSTEMPATH\CodeIgniter.php(497): CodeIgniter\CodeIgniter->runController(Object(App\Controllers\Auth))
 8 SYSTEMPATH\CodeIgniter.php(340): CodeIgniter\CodeIgniter->handleRequest(null, Object(Config\Cache), false)
 9 SYSTEMPATH\Boot.php(417): CodeIgniter\CodeIgniter->run()
10 SYSTEMPATH\Boot.php(68): CodeIgniter\Boot::runCodeIgniter(Object(CodeIgniter\CodeIgniter))
11 FCPATH\index.php(59): CodeIgniter\Boot::bootWeb(Object(Config\Paths))
12 SYSTEMPATH\rewrite.php(44): require_once('C:\\xampp\\htdocs\\pos_ci4\\public\\index.php')
DEBUG - 2026-05-02 18:28:44 --> Session: Class initialized using 'CodeIgniter\Session\Handlers\FileHandler' driver.
DEBUG - 2026-05-02 18:28:49 --> Session: Class initialized using 'CodeIgniter\Session\Handlers\FileHandler' driver.
ERROR - 2026-05-02 18:28:49 --> Error connecting to the database: mysqli_sql_exception: Access denied for user ''@'localhost' (using password: NO) in C:\xampp\htdocs\pos_ci4\system\Database\MySQLi\Connection.php:201
Stack trace:
#0 C:\xampp\htdocs\pos_ci4\system\Database\MySQLi\Connection.php(201): mysqli->real_connect('localhost', '', Object(SensitiveParameterValue), 'pos_db', 3306, '', 0)
#1 C:\xampp\htdocs\pos_ci4\system\Database\BaseConnection.php(555): CodeIgniter\Database\MySQLi\Connection->connect(false)
#2 C:\xampp\htdocs\pos_ci4\system\Database\BaseConnection.php(795): CodeIgniter\Database\BaseConnection->initialize()
#3 C:\xampp\htdocs\pos_ci4\system\Database\BaseBuilder.php(1649): CodeIgniter\Database\BaseConnection->query('SELECT *\nFROM `...', Array, false)
#4 C:\xampp\htdocs\pos_ci4\system\Model.php(295): CodeIgniter\Database\BaseBuilder->get()
#5 C:\xampp\htdocs\pos_ci4\system\BaseModel.php(714): CodeIgniter\Model->doFirst()
#6 C:\xampp\htdocs\pos_ci4\app\Controllers\Auth.php(21): CodeIgniter\BaseModel->first()
#7 C:\xampp\htdocs\pos_ci4\system\CodeIgniter.php(951): App\Controllers\Auth->authenticate()
#8 C:\xampp\htdocs\pos_ci4\system\CodeIgniter.php(497): CodeIgniter\CodeIgniter->runController(Object(App\Controllers\Auth))
#9 C:\xampp\htdocs\pos_ci4\system\CodeIgniter.php(340): CodeIgniter\CodeIgniter->handleRequest(NULL, Object(Config\Cache), false)
#10 C:\xampp\htdocs\pos_ci4\system\Boot.php(417): CodeIgniter\CodeIgniter->run()
#11 C:\xampp\htdocs\pos_ci4\system\Boot.php(68): CodeIgniter\Boot::runCodeIgniter(Object(CodeIgniter\CodeIgniter))
#12 C:\xampp\htdocs\pos_ci4\public\index.php(59): CodeIgniter\Boot::bootWeb(Object(Config\Paths))
#13 C:\xampp\htdocs\pos_ci4\system\rewrite.php(44): require_once('C:\\xampp\\htdocs...')
#14 {main}

Next CodeIgniter\Database\Exceptions\DatabaseException: Access denied for user ''@'localhost' (using password: NO) in C:\xampp\htdocs\pos_ci4\system\Database\MySQLi\Connection.php:231
Stack trace:
#0 C:\xampp\htdocs\pos_ci4\system\Database\BaseConnection.php(555): CodeIgniter\Database\MySQLi\Connection->connect(false)
#1 C:\xampp\htdocs\pos_ci4\system\Database\BaseConnection.php(795): CodeIgniter\Database\BaseConnection->initialize()
#2 C:\xampp\htdocs\pos_ci4\system\Database\BaseBuilder.php(1649): CodeIgniter\Database\BaseConnection->query('SELECT *\nFROM `...', Array, false)
#3 C:\xampp\htdocs\pos_ci4\system\Model.php(295): CodeIgniter\Database\BaseBuilder->get()
#4 C:\xampp\htdocs\pos_ci4\system\BaseModel.php(714): CodeIgniter\Model->doFirst()
#5 C:\xampp\htdocs\pos_ci4\app\Controllers\Auth.php(21): CodeIgniter\BaseModel->first()
#6 C:\xampp\htdocs\pos_ci4\system\CodeIgniter.php(951): App\Controllers\Auth->authenticate()
#7 C:\xampp\htdocs\pos_ci4\system\CodeIgniter.php(497): CodeIgniter\CodeIgniter->runController(Object(App\Controllers\Auth))
#8 C:\xampp\htdocs\pos_ci4\system\CodeIgniter.php(340): CodeIgniter\CodeIgniter->handleRequest(NULL, Object(Config\Cache), false)
#9 C:\xampp\htdocs\pos_ci4\system\Boot.php(417): CodeIgniter\CodeIgniter->run()
#10 C:\xampp\htdocs\pos_ci4\system\Boot.php(68): CodeIgniter\Boot::runCodeIgniter(Object(CodeIgniter\CodeIgniter))
#11 C:\xampp\htdocs\pos_ci4\public\index.php(59): CodeIgniter\Boot::bootWeb(Object(Config\Paths))
#12 C:\xampp\htdocs\pos_ci4\system\rewrite.php(44): require_once('C:\\xampp\\htdocs...')
#13 {main}
CRITICAL - 2026-05-02 18:28:49 --> CodeIgniter\Database\Exceptions\DatabaseException: Unable to connect to the database.
Main connection [MySQLi]: Access denied for user ''@'localhost' (using password: NO)
[Method: POST, Route: auth/authenticate]
in SYSTEMPATH\Database\BaseConnection.php on line 606.
 1 SYSTEMPATH\Database\BaseConnection.php(795): CodeIgniter\Database\BaseConnection->initialize()
 2 SYSTEMPATH\Database\BaseBuilder.php(1649): CodeIgniter\Database\BaseConnection->query('SELECT *
FROM `users`
WHERE `username` = :username:
 LIMIT 1', [...], false)
 3 SYSTEMPATH\Model.php(295): CodeIgniter\Database\BaseBuilder->get()
 4 SYSTEMPATH\BaseModel.php(714): CodeIgniter\Model->doFirst()
 5 APPPATH\Controllers\Auth.php(21): CodeIgniter\BaseModel->first()
 6 SYSTEMPATH\CodeIgniter.php(951): App\Controllers\Auth->authenticate()
 7 SYSTEMPATH\CodeIgniter.php(497): CodeIgniter\CodeIgniter->runController(Object(App\Controllers\Auth))
 8 SYSTEMPATH\CodeIgniter.php(340): CodeIgniter\CodeIgniter->handleRequest(null, Object(Config\Cache), false)
 9 SYSTEMPATH\Boot.php(417): CodeIgniter\CodeIgniter->run()
10 SYSTEMPATH\Boot.php(68): CodeIgniter\Boot::runCodeIgniter(Object(CodeIgniter\CodeIgniter))
11 FCPATH\index.php(59): CodeIgniter\Boot::bootWeb(Object(Config\Paths))
12 SYSTEMPATH\rewrite.php(44): require_once('C:\\xampp\\htdocs\\pos_ci4\\public\\index.php')
DEBUG - 2026-05-02 18:29:04 --> Session: Class initialized using 'CodeIgniter\Session\Handlers\FileHandler' driver.
ERROR - 2026-05-02 18:29:04 --> Error connecting to the database: mysqli_sql_exception: Access denied for user ''@'localhost' (using password: NO) in C:\xampp\htdocs\pos_ci4\system\Database\MySQLi\Connection.php:201
Stack trace:
#0 C:\xampp\htdocs\pos_ci4\system\Database\MySQLi\Connection.php(201): mysqli->real_connect('localhost', '', Object(SensitiveParameterValue), 'pos_db', 3306, '', 0)
#1 C:\xampp\htdocs\pos_ci4\system\Database\BaseConnection.php(555): CodeIgniter\Database\MySQLi\Connection->connect(false)
#2 C:\xampp\htdocs\pos_ci4\system\Database\BaseConnection.php(795): CodeIgniter\Database\BaseConnection->initialize()
#3 C:\xampp\htdocs\pos_ci4\system\Database\BaseBuilder.php(1649): CodeIgniter\Database\BaseConnection->query('SELECT *\nFROM `...', Array, false)
#4 C:\xampp\htdocs\pos_ci4\system\Model.php(295): CodeIgniter\Database\BaseBuilder->get()
#5 C:\xampp\htdocs\pos_ci4\system\BaseModel.php(714): CodeIgniter\Model->doFirst()
#6 C:\xampp\htdocs\pos_ci4\app\Controllers\Auth.php(21): CodeIgniter\BaseModel->first()
#7 C:\xampp\htdocs\pos_ci4\system\CodeIgniter.php(951): App\Controllers\Auth->authenticate()
#8 C:\xampp\htdocs\pos_ci4\system\CodeIgniter.php(497): CodeIgniter\CodeIgniter->runController(Object(App\Controllers\Auth))
#9 C:\xampp\htdocs\pos_ci4\system\CodeIgniter.php(340): CodeIgniter\CodeIgniter->handleRequest(NULL, Object(Config\Cache), false)
#10 C:\xampp\htdocs\pos_ci4\system\Boot.php(417): CodeIgniter\CodeIgniter->run()
#11 C:\xampp\htdocs\pos_ci4\system\Boot.php(68): CodeIgniter\Boot::runCodeIgniter(Object(CodeIgniter\CodeIgniter))
#12 C:\xampp\htdocs\pos_ci4\public\index.php(59): CodeIgniter\Boot::bootWeb(Object(Config\Paths))
#13 C:\xampp\htdocs\pos_ci4\system\rewrite.php(44): require_once('C:\\xampp\\htdocs...')
#14 {main}

Next CodeIgniter\Database\Exceptions\DatabaseException: Access denied for user ''@'localhost' (using password: NO) in C:\xampp\htdocs\pos_ci4\system\Database\MySQLi\Connection.php:231
Stack trace:
#0 C:\xampp\htdocs\pos_ci4\system\Database\BaseConnection.php(555): CodeIgniter\Database\MySQLi\Connection->connect(false)
#1 C:\xampp\htdocs\pos_ci4\system\Database\BaseConnection.php(795): CodeIgniter\Database\BaseConnection->initialize()
#2 C:\xampp\htdocs\pos_ci4\system\Database\BaseBuilder.php(1649): CodeIgniter\Database\BaseConnection->query('SELECT *\nFROM `...', Array, false)
#3 C:\xampp\htdocs\pos_ci4\system\Model.php(295): CodeIgniter\Database\BaseBuilder->get()
#4 C:\xampp\htdocs\pos_ci4\system\BaseModel.php(714): CodeIgniter\Model->doFirst()
#5 C:\xampp\htdocs\pos_ci4\app\Controllers\Auth.php(21): CodeIgniter\BaseModel->first()
#6 C:\xampp\htdocs\pos_ci4\system\CodeIgniter.php(951): App\Controllers\Auth->authenticate()
#7 C:\xampp\htdocs\pos_ci4\system\CodeIgniter.php(497): CodeIgniter\CodeIgniter->runController(Object(App\Controllers\Auth))
#8 C:\xampp\htdocs\pos_ci4\system\CodeIgniter.php(340): CodeIgniter\CodeIgniter->handleRequest(NULL, Object(Config\Cache), false)
#9 C:\xampp\htdocs\pos_ci4\system\Boot.php(417): CodeIgniter\CodeIgniter->run()
#10 C:\xampp\htdocs\pos_ci4\system\Boot.php(68): CodeIgniter\Boot::runCodeIgniter(Object(CodeIgniter\CodeIgniter))
#11 C:\xampp\htdocs\pos_ci4\public\index.php(59): CodeIgniter\Boot::bootWeb(Object(Config\Paths))
#12 C:\xampp\htdocs\pos_ci4\system\rewrite.php(44): require_once('C:\\xampp\\htdocs...')
#13 {main}
CRITICAL - 2026-05-02 18:29:04 --> CodeIgniter\Database\Exceptions\DatabaseException: Unable to connect to the database.
Main connection [MySQLi]: Access denied for user ''@'localhost' (using password: NO)
[Method: POST, Route: auth/authenticate]
in SYSTEMPATH\Database\BaseConnection.php on line 606.
 1 SYSTEMPATH\Database\BaseConnection.php(795): CodeIgniter\Database\BaseConnection->initialize()
 2 SYSTEMPATH\Database\BaseBuilder.php(1649): CodeIgniter\Database\BaseConnection->query('SELECT *
FROM `users`
WHERE `username` = :username:
 LIMIT 1', [...], false)
 3 SYSTEMPATH\Model.php(295): CodeIgniter\Database\BaseBuilder->get()
 4 SYSTEMPATH\BaseModel.php(714): CodeIgniter\Model->doFirst()
 5 APPPATH\Controllers\Auth.php(21): CodeIgniter\BaseModel->first()
 6 SYSTEMPATH\CodeIgniter.php(951): App\Controllers\Auth->authenticate()
 7 SYSTEMPATH\CodeIgniter.php(497): CodeIgniter\CodeIgniter->runController(Object(App\Controllers\Auth))
 8 SYSTEMPATH\CodeIgniter.php(340): CodeIgniter\CodeIgniter->handleRequest(null, Object(Config\Cache), false)
 9 SYSTEMPATH\Boot.php(417): CodeIgniter\CodeIgniter->run()
10 SYSTEMPATH\Boot.php(68): CodeIgniter\Boot::runCodeIgniter(Object(CodeIgniter\CodeIgniter))
11 FCPATH\index.php(59): CodeIgniter\Boot::bootWeb(Object(Config\Paths))
12 SYSTEMPATH\rewrite.php(44): require_once('C:\\xampp\\htdocs\\pos_ci4\\public\\index.php')
DEBUG - 2026-05-02 18:29:32 --> Session: Class initialized using 'CodeIgniter\Session\Handlers\FileHandler' driver.
ERROR - 2026-05-02 18:29:32 --> Error connecting to the database: mysqli_sql_exception: Access denied for user ''@'localhost' (using password: NO) in C:\xampp\htdocs\pos_ci4\system\Database\MySQLi\Connection.php:201
Stack trace:
#0 C:\xampp\htdocs\pos_ci4\system\Database\MySQLi\Connection.php(201): mysqli->real_connect('localhost', '', Object(SensitiveParameterValue), 'pos_db', 3306, '', 0)
#1 C:\xampp\htdocs\pos_ci4\system\Database\BaseConnection.php(555): CodeIgniter\Database\MySQLi\Connection->connect(false)
#2 C:\xampp\htdocs\pos_ci4\system\Database\BaseConnection.php(795): CodeIgniter\Database\BaseConnection->initialize()
#3 C:\xampp\htdocs\pos_ci4\system\Database\BaseBuilder.php(1649): CodeIgniter\Database\BaseConnection->query('SELECT *\nFROM `...', Array, false)
#4 C:\xampp\htdocs\pos_ci4\system\Model.php(295): CodeIgniter\Database\BaseBuilder->get()
#5 C:\xampp\htdocs\pos_ci4\system\BaseModel.php(714): CodeIgniter\Model->doFirst()
#6 C:\xampp\htdocs\pos_ci4\app\Controllers\Auth.php(21): CodeIgniter\BaseModel->first()
#7 C:\xampp\htdocs\pos_ci4\system\CodeIgniter.php(951): App\Controllers\Auth->authenticate()
#8 C:\xampp\htdocs\pos_ci4\system\CodeIgniter.php(497): CodeIgniter\CodeIgniter->runController(Object(App\Controllers\Auth))
#9 C:\xampp\htdocs\pos_ci4\system\CodeIgniter.php(340): CodeIgniter\CodeIgniter->handleRequest(NULL, Object(Config\Cache), false)
#10 C:\xampp\htdocs\pos_ci4\system\Boot.php(417): CodeIgniter\CodeIgniter->run()
#11 C:\xampp\htdocs\pos_ci4\system\Boot.php(68): CodeIgniter\Boot::runCodeIgniter(Object(CodeIgniter\CodeIgniter))
#12 C:\xampp\htdocs\pos_ci4\public\index.php(59): CodeIgniter\Boot::bootWeb(Object(Config\Paths))
#13 C:\xampp\htdocs\pos_ci4\system\rewrite.php(44): require_once('C:\\xampp\\htdocs...')
#14 {main}

Next CodeIgniter\Database\Exceptions\DatabaseException: Access denied for user ''@'localhost' (using password: NO) in C:\xampp\htdocs\pos_ci4\system\Database\MySQLi\Connection.php:231
Stack trace:
#0 C:\xampp\htdocs\pos_ci4\system\Database\BaseConnection.php(555): CodeIgniter\Database\MySQLi\Connection->connect(false)
#1 C:\xampp\htdocs\pos_ci4\system\Database\BaseConnection.php(795): CodeIgniter\Database\BaseConnection->initialize()
#2 C:\xampp\htdocs\pos_ci4\system\Database\BaseBuilder.php(1649): CodeIgniter\Database\BaseConnection->query('SELECT *\nFROM `...', Array, false)
#3 C:\xampp\htdocs\pos_ci4\system\Model.php(295): CodeIgniter\Database\BaseBuilder->get()
#4 C:\xampp\htdocs\pos_ci4\system\BaseModel.php(714): CodeIgniter\Model->doFirst()
#5 C:\xampp\htdocs\pos_ci4\app\Controllers\Auth.php(21): CodeIgniter\BaseModel->first()
#6 C:\xampp\htdocs\pos_ci4\system\CodeIgniter.php(951): App\Controllers\Auth->authenticate()
#7 C:\xampp\htdocs\pos_ci4\system\CodeIgniter.php(497): CodeIgniter\CodeIgniter->runController(Object(App\Controllers\Auth))
#8 C:\xampp\htdocs\pos_ci4\system\CodeIgniter.php(340): CodeIgniter\CodeIgniter->handleRequest(NULL, Object(Config\Cache), false)
#9 C:\xampp\htdocs\pos_ci4\system\Boot.php(417): CodeIgniter\CodeIgniter->run()
#10 C:\xampp\htdocs\pos_ci4\system\Boot.php(68): CodeIgniter\Boot::runCodeIgniter(Object(CodeIgniter\CodeIgniter))
#11 C:\xampp\htdocs\pos_ci4\public\index.php(59): CodeIgniter\Boot::bootWeb(Object(Config\Paths))
#12 C:\xampp\htdocs\pos_ci4\system\rewrite.php(44): require_once('C:\\xampp\\htdocs...')
#13 {main}
CRITICAL - 2026-05-02 18:29:32 --> CodeIgniter\Database\Exceptions\DatabaseException: Unable to connect to the database.
Main connection [MySQLi]: Access denied for user ''@'localhost' (using password: NO)
[Method: POST, Route: auth/authenticate]
in SYSTEMPATH\Database\BaseConnection.php on line 606.
 1 SYSTEMPATH\Database\BaseConnection.php(795): CodeIgniter\Database\BaseConnection->initialize()
 2 SYSTEMPATH\Database\BaseBuilder.php(1649): CodeIgniter\Database\BaseConnection->query('SELECT *
FROM `users`
WHERE `username` = :username:
 LIMIT 1', [...], false)
 3 SYSTEMPATH\Model.php(295): CodeIgniter\Database\BaseBuilder->get()
 4 SYSTEMPATH\BaseModel.php(714): CodeIgniter\Model->doFirst()
 5 APPPATH\Controllers\Auth.php(21): CodeIgniter\BaseModel->first()
 6 SYSTEMPATH\CodeIgniter.php(951): App\Controllers\Auth->authenticate()
 7 SYSTEMPATH\CodeIgniter.php(497): CodeIgniter\CodeIgniter->runController(Object(App\Controllers\Auth))
 8 SYSTEMPATH\CodeIgniter.php(340): CodeIgniter\CodeIgniter->handleRequest(null, Object(Config\Cache), false)
 9 SYSTEMPATH\Boot.php(417): CodeIgniter\CodeIgniter->run()
10 SYSTEMPATH\Boot.php(68): CodeIgniter\Boot::runCodeIgniter(Object(CodeIgniter\CodeIgniter))
11 FCPATH\index.php(59): CodeIgniter\Boot::bootWeb(Object(Config\Paths))
12 SYSTEMPATH\rewrite.php(44): require_once('C:\\xampp\\htdocs\\pos_ci4\\public\\index.php')
DEBUG - 2026-05-02 18:29:35 --> Session: Class initialized using 'CodeIgniter\Session\Handlers\FileHandler' driver.
DEBUG - 2026-05-02 18:29:40 --> Session: Class initialized using 'CodeIgniter\Session\Handlers\FileHandler' driver.
ERROR - 2026-05-02 18:29:40 --> Error connecting to the database: mysqli_sql_exception: Access denied for user ''@'localhost' (using password: NO) in C:\xampp\htdocs\pos_ci4\system\Database\MySQLi\Connection.php:201
Stack trace:
#0 C:\xampp\htdocs\pos_ci4\system\Database\MySQLi\Connection.php(201): mysqli->real_connect('localhost', '', Object(SensitiveParameterValue), 'pos_db', 3306, '', 0)
#1 C:\xampp\htdocs\pos_ci4\system\Database\BaseConnection.php(555): CodeIgniter\Database\MySQLi\Connection->connect(false)
#2 C:\xampp\htdocs\pos_ci4\system\Database\BaseConnection.php(795): CodeIgniter\Database\BaseConnection->initialize()
#3 C:\xampp\htdocs\pos_ci4\system\Database\BaseBuilder.php(1649): CodeIgniter\Database\BaseConnection->query('SELECT *\nFROM `...', Array, false)
#4 C:\xampp\htdocs\pos_ci4\system\Model.php(295): CodeIgniter\Database\BaseBuilder->get()
#5 C:\xampp\htdocs\pos_ci4\system\BaseModel.php(714): CodeIgniter\Model->doFirst()
#6 C:\xampp\htdocs\pos_ci4\app\Controllers\Auth.php(21): CodeIgniter\BaseModel->first()
#7 C:\xampp\htdocs\pos_ci4\system\CodeIgniter.php(951): App\Controllers\Auth->authenticate()
#8 C:\xampp\htdocs\pos_ci4\system\CodeIgniter.php(497): CodeIgniter\CodeIgniter->runController(Object(App\Controllers\Auth))
#9 C:\xampp\htdocs\pos_ci4\system\CodeIgniter.php(340): CodeIgniter\CodeIgniter->handleRequest(NULL, Object(Config\Cache), false)
#10 C:\xampp\htdocs\pos_ci4\system\Boot.php(417): CodeIgniter\CodeIgniter->run()
#11 C:\xampp\htdocs\pos_ci4\system\Boot.php(68): CodeIgniter\Boot::runCodeIgniter(Object(CodeIgniter\CodeIgniter))
#12 C:\xampp\htdocs\pos_ci4\public\index.php(59): CodeIgniter\Boot::bootWeb(Object(Config\Paths))
#13 C:\xampp\htdocs\pos_ci4\system\rewrite.php(44): require_once('C:\\xampp\\htdocs...')
#14 {main}

Next CodeIgniter\Database\Exceptions\DatabaseException: Access denied for user ''@'localhost' (using password: NO) in C:\xampp\htdocs\pos_ci4\system\Database\MySQLi\Connection.php:231
Stack trace:
#0 C:\xampp\htdocs\pos_ci4\system\Database\BaseConnection.php(555): CodeIgniter\Database\MySQLi\Connection->connect(false)
#1 C:\xampp\htdocs\pos_ci4\system\Database\BaseConnection.php(795): CodeIgniter\Database\BaseConnection->initialize()
#2 C:\xampp\htdocs\pos_ci4\system\Database\BaseBuilder.php(1649): CodeIgniter\Database\BaseConnection->query('SELECT *\nFROM `...', Array, false)
#3 C:\xampp\htdocs\pos_ci4\system\Model.php(295): CodeIgniter\Database\BaseBuilder->get()
#4 C:\xampp\htdocs\pos_ci4\system\BaseModel.php(714): CodeIgniter\Model->doFirst()
#5 C:\xampp\htdocs\pos_ci4\app\Controllers\Auth.php(21): CodeIgniter\BaseModel->first()
#6 C:\xampp\htdocs\pos_ci4\system\CodeIgniter.php(951): App\Controllers\Auth->authenticate()
#7 C:\xampp\htdocs\pos_ci4\system\CodeIgniter.php(497): CodeIgniter\CodeIgniter->runController(Object(App\Controllers\Auth))
#8 C:\xampp\htdocs\pos_ci4\system\CodeIgniter.php(340): CodeIgniter\CodeIgniter->handleRequest(NULL, Object(Config\Cache), false)
#9 C:\xampp\htdocs\pos_ci4\system\Boot.php(417): CodeIgniter\CodeIgniter->run()
#10 C:\xampp\htdocs\pos_ci4\system\Boot.php(68): CodeIgniter\Boot::runCodeIgniter(Object(CodeIgniter\CodeIgniter))
#11 C:\xampp\htdocs\pos_ci4\public\index.php(59): CodeIgniter\Boot::bootWeb(Object(Config\Paths))
#12 C:\xampp\htdocs\pos_ci4\system\rewrite.php(44): require_once('C:\\xampp\\htdocs...')
#13 {main}
CRITICAL - 2026-05-02 18:29:40 --> CodeIgniter\Database\Exceptions\DatabaseException: Unable to connect to the database.
Main connection [MySQLi]: Access denied for user ''@'localhost' (using password: NO)
[Method: POST, Route: auth/authenticate]
in SYSTEMPATH\Database\BaseConnection.php on line 606.
 1 SYSTEMPATH\Database\BaseConnection.php(795): CodeIgniter\Database\BaseConnection->initialize()
 2 SYSTEMPATH\Database\BaseBuilder.php(1649): CodeIgniter\Database\BaseConnection->query('SELECT *
FROM `users`
WHERE `username` = :username:
 LIMIT 1', [...], false)
 3 SYSTEMPATH\Model.php(295): CodeIgniter\Database\BaseBuilder->get()
 4 SYSTEMPATH\BaseModel.php(714): CodeIgniter\Model->doFirst()
 5 APPPATH\Controllers\Auth.php(21): CodeIgniter\BaseModel->first()
 6 SYSTEMPATH\CodeIgniter.php(951): App\Controllers\Auth->authenticate()
 7 SYSTEMPATH\CodeIgniter.php(497): CodeIgniter\CodeIgniter->runController(Object(App\Controllers\Auth))
 8 SYSTEMPATH\CodeIgniter.php(340): CodeIgniter\CodeIgniter->handleRequest(null, Object(Config\Cache), false)
 9 SYSTEMPATH\Boot.php(417): CodeIgniter\CodeIgniter->run()
10 SYSTEMPATH\Boot.php(68): CodeIgniter\Boot::runCodeIgniter(Object(CodeIgniter\CodeIgniter))
11 FCPATH\index.php(59): CodeIgniter\Boot::bootWeb(Object(Config\Paths))
12 SYSTEMPATH\rewrite.php(44): require_once('C:\\xampp\\htdocs\\pos_ci4\\public\\index.php')
DEBUG - 2026-05-02 18:30:04 --> Session: Class initialized using 'CodeIgniter\Session\Handlers\FileHandler' driver.
ERROR - 2026-05-02 18:30:04 --> Error connecting to the database: mysqli_sql_exception: Access denied for user 'root'@'localhost' (using password: YES) in C:\xampp\htdocs\pos_ci4\system\Database\MySQLi\Connection.php:201
Stack trace:
#0 C:\xampp\htdocs\pos_ci4\system\Database\MySQLi\Connection.php(201): mysqli->real_connect('localhost', 'root', Object(SensitiveParameterValue), 'pos_db', 3306, '', 0)
#1 C:\xampp\htdocs\pos_ci4\system\Database\BaseConnection.php(555): CodeIgniter\Database\MySQLi\Connection->connect(false)
#2 C:\xampp\htdocs\pos_ci4\system\Database\BaseConnection.php(795): CodeIgniter\Database\BaseConnection->initialize()
#3 C:\xampp\htdocs\pos_ci4\system\Database\BaseBuilder.php(1649): CodeIgniter\Database\BaseConnection->query('SELECT *\nFROM `...', Array, false)
#4 C:\xampp\htdocs\pos_ci4\system\Model.php(295): CodeIgniter\Database\BaseBuilder->get()
#5 C:\xampp\htdocs\pos_ci4\system\BaseModel.php(714): CodeIgniter\Model->doFirst()
#6 C:\xampp\htdocs\pos_ci4\app\Controllers\Auth.php(21): CodeIgniter\BaseModel->first()
#7 C:\xampp\htdocs\pos_ci4\system\CodeIgniter.php(951): App\Controllers\Auth->authenticate()
#8 C:\xampp\htdocs\pos_ci4\system\CodeIgniter.php(497): CodeIgniter\CodeIgniter->runController(Object(App\Controllers\Auth))
#9 C:\xampp\htdocs\pos_ci4\system\CodeIgniter.php(340): CodeIgniter\CodeIgniter->handleRequest(NULL, Object(Config\Cache), false)
#10 C:\xampp\htdocs\pos_ci4\system\Boot.php(417): CodeIgniter\CodeIgniter->run()
#11 C:\xampp\htdocs\pos_ci4\system\Boot.php(68): CodeIgniter\Boot::runCodeIgniter(Object(CodeIgniter\CodeIgniter))
#12 C:\xampp\htdocs\pos_ci4\public\index.php(59): CodeIgniter\Boot::bootWeb(Object(Config\Paths))
#13 C:\xampp\htdocs\pos_ci4\system\rewrite.php(44): require_once('C:\\xampp\\htdocs...')
#14 {main}

Next CodeIgniter\Database\Exceptions\DatabaseException: Access denied for user '****'@'localhost' (using password: YES) in C:\xampp\htdocs\pos_ci4\system\Database\MySQLi\Connection.php:231
Stack trace:
#0 C:\xampp\htdocs\pos_ci4\system\Database\BaseConnection.php(555): CodeIgniter\Database\MySQLi\Connection->connect(false)
#1 C:\xampp\htdocs\pos_ci4\system\Database\BaseConnection.php(795): CodeIgniter\Database\BaseConnection->initialize()
#2 C:\xampp\htdocs\pos_ci4\system\Database\BaseBuilder.php(1649): CodeIgniter\Database\BaseConnection->query('SELECT *\nFROM `...', Array, false)
#3 C:\xampp\htdocs\pos_ci4\system\Model.php(295): CodeIgniter\Database\BaseBuilder->get()
#4 C:\xampp\htdocs\pos_ci4\system\BaseModel.php(714): CodeIgniter\Model->doFirst()
#5 C:\xampp\htdocs\pos_ci4\app\Controllers\Auth.php(21): CodeIgniter\BaseModel->first()
#6 C:\xampp\htdocs\pos_ci4\system\CodeIgniter.php(951): App\Controllers\Auth->authenticate()
#7 C:\xampp\htdocs\pos_ci4\system\CodeIgniter.php(497): CodeIgniter\CodeIgniter->runController(Object(App\Controllers\Auth))
#8 C:\xampp\htdocs\pos_ci4\system\CodeIgniter.php(340): CodeIgniter\CodeIgniter->handleRequest(NULL, Object(Config\Cache), false)
#9 C:\xampp\htdocs\pos_ci4\system\Boot.php(417): CodeIgniter\CodeIgniter->run()
#10 C:\xampp\htdocs\pos_ci4\system\Boot.php(68): CodeIgniter\Boot::runCodeIgniter(Object(CodeIgniter\CodeIgniter))
#11 C:\xampp\htdocs\pos_ci4\public\index.php(59): CodeIgniter\Boot::bootWeb(Object(Config\Paths))
#12 C:\xampp\htdocs\pos_ci4\system\rewrite.php(44): require_once('C:\\xampp\\htdocs...')
#13 {main}
CRITICAL - 2026-05-02 18:30:04 --> CodeIgniter\Database\Exceptions\DatabaseException: Unable to connect to the database.
Main connection [MySQLi]: Access denied for user '****'@'localhost' (using password: YES)
[Method: POST, Route: auth/authenticate]
in SYSTEMPATH\Database\BaseConnection.php on line 606.
 1 SYSTEMPATH\Database\BaseConnection.php(795): CodeIgniter\Database\BaseConnection->initialize()
 2 SYSTEMPATH\Database\BaseBuilder.php(1649): CodeIgniter\Database\BaseConnection->query('SELECT *
FROM `users`
WHERE `username` = :username:
 LIMIT 1', [...], false)
 3 SYSTEMPATH\Model.php(295): CodeIgniter\Database\BaseBuilder->get()
 4 SYSTEMPATH\BaseModel.php(714): CodeIgniter\Model->doFirst()
 5 APPPATH\Controllers\Auth.php(21): CodeIgniter\BaseModel->first()
 6 SYSTEMPATH\CodeIgniter.php(951): App\Controllers\Auth->authenticate()
 7 SYSTEMPATH\CodeIgniter.php(497): CodeIgniter\CodeIgniter->runController(Object(App\Controllers\Auth))
 8 SYSTEMPATH\CodeIgniter.php(340): CodeIgniter\CodeIgniter->handleRequest(null, Object(Config\Cache), false)
 9 SYSTEMPATH\Boot.php(417): CodeIgniter\CodeIgniter->run()
10 SYSTEMPATH\Boot.php(68): CodeIgniter\Boot::runCodeIgniter(Object(CodeIgniter\CodeIgniter))
11 FCPATH\index.php(59): CodeIgniter\Boot::bootWeb(Object(Config\Paths))
12 SYSTEMPATH\rewrite.php(44): require_once('C:\\xampp\\htdocs\\pos_ci4\\public\\index.php')
DEBUG - 2026-05-02 18:30:19 --> Session: Class initialized using 'CodeIgniter\Session\Handlers\FileHandler' driver.
ERROR - 2026-05-02 18:30:19 --> Error connecting to the database: mysqli_sql_exception: Access denied for user 'root'@'localhost' (using password: YES) in C:\xampp\htdocs\pos_ci4\system\Database\MySQLi\Connection.php:201
Stack trace:
#0 C:\xampp\htdocs\pos_ci4\system\Database\MySQLi\Connection.php(201): mysqli->real_connect('localhost', 'root', Object(SensitiveParameterValue), 'pos_db', 3306, '', 0)
#1 C:\xampp\htdocs\pos_ci4\system\Database\BaseConnection.php(555): CodeIgniter\Database\MySQLi\Connection->connect(false)
#2 C:\xampp\htdocs\pos_ci4\system\Database\BaseConnection.php(795): CodeIgniter\Database\BaseConnection->initialize()
#3 C:\xampp\htdocs\pos_ci4\system\Database\BaseBuilder.php(1649): CodeIgniter\Database\BaseConnection->query('SELECT *\nFROM `...', Array, false)
#4 C:\xampp\htdocs\pos_ci4\system\Model.php(295): CodeIgniter\Database\BaseBuilder->get()
#5 C:\xampp\htdocs\pos_ci4\system\BaseModel.php(714): CodeIgniter\Model->doFirst()
#6 C:\xampp\htdocs\pos_ci4\app\Controllers\Auth.php(21): CodeIgniter\BaseModel->first()
#7 C:\xampp\htdocs\pos_ci4\system\CodeIgniter.php(951): App\Controllers\Auth->authenticate()
#8 C:\xampp\htdocs\pos_ci4\system\CodeIgniter.php(497): CodeIgniter\CodeIgniter->runController(Object(App\Controllers\Auth))
#9 C:\xampp\htdocs\pos_ci4\system\CodeIgniter.php(340): CodeIgniter\CodeIgniter->handleRequest(NULL, Object(Config\Cache), false)
#10 C:\xampp\htdocs\pos_ci4\system\Boot.php(417): CodeIgniter\CodeIgniter->run()
#11 C:\xampp\htdocs\pos_ci4\system\Boot.php(68): CodeIgniter\Boot::runCodeIgniter(Object(CodeIgniter\CodeIgniter))
#12 C:\xampp\htdocs\pos_ci4\public\index.php(59): CodeIgniter\Boot::bootWeb(Object(Config\Paths))
#13 C:\xampp\htdocs\pos_ci4\system\rewrite.php(44): require_once('C:\\xampp\\htdocs...')
#14 {main}

Next CodeIgniter\Database\Exceptions\DatabaseException: Access denied for user '****'@'localhost' (using password: YES) in C:\xampp\htdocs\pos_ci4\system\Database\MySQLi\Connection.php:231
Stack trace:
#0 C:\xampp\htdocs\pos_ci4\system\Database\BaseConnection.php(555): CodeIgniter\Database\MySQLi\Connection->connect(false)
#1 C:\xampp\htdocs\pos_ci4\system\Database\BaseConnection.php(795): CodeIgniter\Database\BaseConnection->initialize()
#2 C:\xampp\htdocs\pos_ci4\system\Database\BaseBuilder.php(1649): CodeIgniter\Database\BaseConnection->query('SELECT *\nFROM `...', Array, false)
#3 C:\xampp\htdocs\pos_ci4\system\Model.php(295): CodeIgniter\Database\BaseBuilder->get()
#4 C:\xampp\htdocs\pos_ci4\system\BaseModel.php(714): CodeIgniter\Model->doFirst()
#5 C:\xampp\htdocs\pos_ci4\app\Controllers\Auth.php(21): CodeIgniter\BaseModel->first()
#6 C:\xampp\htdocs\pos_ci4\system\CodeIgniter.php(951): App\Controllers\Auth->authenticate()
#7 C:\xampp\htdocs\pos_ci4\system\CodeIgniter.php(497): CodeIgniter\CodeIgniter->runController(Object(App\Controllers\Auth))
#8 C:\xampp\htdocs\pos_ci4\system\CodeIgniter.php(340): CodeIgniter\CodeIgniter->handleRequest(NULL, Object(Config\Cache), false)
#9 C:\xampp\htdocs\pos_ci4\system\Boot.php(417): CodeIgniter\CodeIgniter->run()
#10 C:\xampp\htdocs\pos_ci4\system\Boot.php(68): CodeIgniter\Boot::runCodeIgniter(Object(CodeIgniter\CodeIgniter))
#11 C:\xampp\htdocs\pos_ci4\public\index.php(59): CodeIgniter\Boot::bootWeb(Object(Config\Paths))
#12 C:\xampp\htdocs\pos_ci4\system\rewrite.php(44): require_once('C:\\xampp\\htdocs...')
#13 {main}
CRITICAL - 2026-05-02 18:30:19 --> CodeIgniter\Database\Exceptions\DatabaseException: Unable to connect to the database.
Main connection [MySQLi]: Access denied for user '****'@'localhost' (using password: YES)
[Method: POST, Route: auth/authenticate]
in SYSTEMPATH\Database\BaseConnection.php on line 606.
 1 SYSTEMPATH\Database\BaseConnection.php(795): CodeIgniter\Database\BaseConnection->initialize()
 2 SYSTEMPATH\Database\BaseBuilder.php(1649): CodeIgniter\Database\BaseConnection->query('SELECT *
FROM `users`
WHERE `username` = :username:
 LIMIT 1', [...], false)
 3 SYSTEMPATH\Model.php(295): CodeIgniter\Database\BaseBuilder->get()
 4 SYSTEMPATH\BaseModel.php(714): CodeIgniter\Model->doFirst()
 5 APPPATH\Controllers\Auth.php(21): CodeIgniter\BaseModel->first()
 6 SYSTEMPATH\CodeIgniter.php(951): App\Controllers\Auth->authenticate()
 7 SYSTEMPATH\CodeIgniter.php(497): CodeIgniter\CodeIgniter->runController(Object(App\Controllers\Auth))
 8 SYSTEMPATH\CodeIgniter.php(340): CodeIgniter\CodeIgniter->handleRequest(null, Object(Config\Cache), false)
 9 SYSTEMPATH\Boot.php(417): CodeIgniter\CodeIgniter->run()
10 SYSTEMPATH\Boot.php(68): CodeIgniter\Boot::runCodeIgniter(Object(CodeIgniter\CodeIgniter))
11 FCPATH\index.php(59): CodeIgniter\Boot::bootWeb(Object(Config\Paths))
12 SYSTEMPATH\rewrite.php(44): require_once('C:\\xampp\\htdocs\\pos_ci4\\public\\index.php')
DEBUG - 2026-05-02 18:32:09 --> Session: Class initialized using 'CodeIgniter\Session\Handlers\FileHandler' driver.
ERROR - 2026-05-02 18:32:09 --> Error connecting to the database: mysqli_sql_exception: Access denied for user 'root'@'localhost' (using password: YES) in C:\xampp\htdocs\pos_ci4\system\Database\MySQLi\Connection.php:201
Stack trace:
#0 C:\xampp\htdocs\pos_ci4\system\Database\MySQLi\Connection.php(201): mysqli->real_connect('localhost', 'root', Object(SensitiveParameterValue), 'pos_db', 3306, '', 0)
#1 C:\xampp\htdocs\pos_ci4\system\Database\BaseConnection.php(555): CodeIgniter\Database\MySQLi\Connection->connect(false)
#2 C:\xampp\htdocs\pos_ci4\system\Database\BaseConnection.php(795): CodeIgniter\Database\BaseConnection->initialize()
#3 C:\xampp\htdocs\pos_ci4\system\Database\BaseBuilder.php(1649): CodeIgniter\Database\BaseConnection->query('SELECT *\nFROM `...', Array, false)
#4 C:\xampp\htdocs\pos_ci4\system\Model.php(295): CodeIgniter\Database\BaseBuilder->get()
#5 C:\xampp\htdocs\pos_ci4\system\BaseModel.php(714): CodeIgniter\Model->doFirst()
#6 C:\xampp\htdocs\pos_ci4\app\Controllers\Auth.php(21): CodeIgniter\BaseModel->first()
#7 C:\xampp\htdocs\pos_ci4\system\CodeIgniter.php(951): App\Controllers\Auth->authenticate()
#8 C:\xampp\htdocs\pos_ci4\system\CodeIgniter.php(497): CodeIgniter\CodeIgniter->runController(Object(App\Controllers\Auth))
#9 C:\xampp\htdocs\pos_ci4\system\CodeIgniter.php(340): CodeIgniter\CodeIgniter->handleRequest(NULL, Object(Config\Cache), false)
#10 C:\xampp\htdocs\pos_ci4\system\Boot.php(417): CodeIgniter\CodeIgniter->run()
#11 C:\xampp\htdocs\pos_ci4\system\Boot.php(68): CodeIgniter\Boot::runCodeIgniter(Object(CodeIgniter\CodeIgniter))
#12 C:\xampp\htdocs\pos_ci4\public\index.php(59): CodeIgniter\Boot::bootWeb(Object(Config\Paths))
#13 C:\xampp\htdocs\pos_ci4\system\rewrite.php(44): require_once('C:\\xampp\\htdocs...')
#14 {main}

Next CodeIgniter\Database\Exceptions\DatabaseException: Access denied for user '****'@'localhost' (using password: YES) in C:\xampp\htdocs\pos_ci4\system\Database\MySQLi\Connection.php:231
Stack trace:
#0 C:\xampp\htdocs\pos_ci4\system\Database\BaseConnection.php(555): CodeIgniter\Database\MySQLi\Connection->connect(false)
#1 C:\xampp\htdocs\pos_ci4\system\Database\BaseConnection.php(795): CodeIgniter\Database\BaseConnection->initialize()
#2 C:\xampp\htdocs\pos_ci4\system\Database\BaseBuilder.php(1649): CodeIgniter\Database\BaseConnection->query('SELECT *\nFROM `...', Array, false)
#3 C:\xampp\htdocs\pos_ci4\system\Model.php(295): CodeIgniter\Database\BaseBuilder->get()
#4 C:\xampp\htdocs\pos_ci4\system\BaseModel.php(714): CodeIgniter\Model->doFirst()
#5 C:\xampp\htdocs\pos_ci4\app\Controllers\Auth.php(21): CodeIgniter\BaseModel->first()
#6 C:\xampp\htdocs\pos_ci4\system\CodeIgniter.php(951): App\Controllers\Auth->authenticate()
#7 C:\xampp\htdocs\pos_ci4\system\CodeIgniter.php(497): CodeIgniter\CodeIgniter->runController(Object(App\Controllers\Auth))
#8 C:\xampp\htdocs\pos_ci4\system\CodeIgniter.php(340): CodeIgniter\CodeIgniter->handleRequest(NULL, Object(Config\Cache), false)
#9 C:\xampp\htdocs\pos_ci4\system\Boot.php(417): CodeIgniter\CodeIgniter->run()
#10 C:\xampp\htdocs\pos_ci4\system\Boot.php(68): CodeIgniter\Boot::runCodeIgniter(Object(CodeIgniter\CodeIgniter))
#11 C:\xampp\htdocs\pos_ci4\public\index.php(59): CodeIgniter\Boot::bootWeb(Object(Config\Paths))
#12 C:\xampp\htdocs\pos_ci4\system\rewrite.php(44): require_once('C:\\xampp\\htdocs...')
#13 {main}
CRITICAL - 2026-05-02 18:32:09 --> CodeIgniter\Database\Exceptions\DatabaseException: Unable to connect to the database.
Main connection [MySQLi]: Access denied for user '****'@'localhost' (using password: YES)
[Method: POST, Route: auth/authenticate]
in SYSTEMPATH\Database\BaseConnection.php on line 606.
 1 SYSTEMPATH\Database\BaseConnection.php(795): CodeIgniter\Database\BaseConnection->initialize()
 2 SYSTEMPATH\Database\BaseBuilder.php(1649): CodeIgniter\Database\BaseConnection->query('SELECT *
FROM `users`
WHERE `username` = :username:
 LIMIT 1', [...], false)
 3 SYSTEMPATH\Model.php(295): CodeIgniter\Database\BaseBuilder->get()
 4 SYSTEMPATH\BaseModel.php(714): CodeIgniter\Model->doFirst()
 5 APPPATH\Controllers\Auth.php(21): CodeIgniter\BaseModel->first()
 6 SYSTEMPATH\CodeIgniter.php(951): App\Controllers\Auth->authenticate()
 7 SYSTEMPATH\CodeIgniter.php(497): CodeIgniter\CodeIgniter->runController(Object(App\Controllers\Auth))
 8 SYSTEMPATH\CodeIgniter.php(340): CodeIgniter\CodeIgniter->handleRequest(null, Object(Config\Cache), false)
 9 SYSTEMPATH\Boot.php(417): CodeIgniter\CodeIgniter->run()
10 SYSTEMPATH\Boot.php(68): CodeIgniter\Boot::runCodeIgniter(Object(CodeIgniter\CodeIgniter))
11 FCPATH\index.php(59): CodeIgniter\Boot::bootWeb(Object(Config\Paths))
12 SYSTEMPATH\rewrite.php(44): require_once('C:\\xampp\\htdocs\\pos_ci4\\public\\index.php')
DEBUG - 2026-05-02 18:34:26 --> Session: Class initialized using 'CodeIgniter\Session\Handlers\FileHandler' driver.
DEBUG - 2026-05-02 18:38:08 --> Session: Class initialized using 'CodeIgniter\Session\Handlers\FileHandler' driver.
DEBUG - 2026-05-02 18:38:13 --> Session: Class initialized using 'CodeIgniter\Session\Handlers\FileHandler' driver.
DEBUG - 2026-05-02 18:38:13 --> Session: Class initialized using 'CodeIgniter\Session\Handlers\FileHandler' driver.
DEBUG - 2026-05-02 18:38:21 --> Session: Class initialized using 'CodeIgniter\Session\Handlers\FileHandler' driver.
DEBUG - 2026-05-02 18:38:21 --> Session: Class initialized using 'CodeIgniter\Session\Handlers\FileHandler' driver.
DEBUG - 2026-05-02 18:39:03 --> Session: Class initialized using 'CodeIgniter\Session\Handlers\FileHandler' driver.
ERROR - 2026-05-02 18:39:03 --> Error connecting to the database: mysqli_sql_exception: Access denied for user 'root'@'localhost' (using password: YES) in C:\xampp\htdocs\pos_ci4\system\Database\MySQLi\Connection.php:201
Stack trace:
#0 C:\xampp\htdocs\pos_ci4\system\Database\MySQLi\Connection.php(201): mysqli->real_connect('localhost', 'root', Object(SensitiveParameterValue), 'pos_db', 3306, '', 0)
#1 C:\xampp\htdocs\pos_ci4\system\Database\BaseConnection.php(555): CodeIgniter\Database\MySQLi\Connection->connect(false)
#2 C:\xampp\htdocs\pos_ci4\system\Database\BaseConnection.php(795): CodeIgniter\Database\BaseConnection->initialize()
#3 C:\xampp\htdocs\pos_ci4\system\Database\BaseBuilder.php(1649): CodeIgniter\Database\BaseConnection->query('SELECT *\nFROM `...', Array, false)
#4 C:\xampp\htdocs\pos_ci4\system\Model.php(295): CodeIgniter\Database\BaseBuilder->get()
#5 C:\xampp\htdocs\pos_ci4\system\BaseModel.php(714): CodeIgniter\Model->doFirst()
#6 C:\xampp\htdocs\pos_ci4\app\Controllers\Auth.php(21): CodeIgniter\BaseModel->first()
#7 C:\xampp\htdocs\pos_ci4\system\CodeIgniter.php(951): App\Controllers\Auth->authenticate()
#8 C:\xampp\htdocs\pos_ci4\system\CodeIgniter.php(497): CodeIgniter\CodeIgniter->runController(Object(App\Controllers\Auth))
#9 C:\xampp\htdocs\pos_ci4\system\CodeIgniter.php(340): CodeIgniter\CodeIgniter->handleRequest(NULL, Object(Config\Cache), false)
#10 C:\xampp\htdocs\pos_ci4\system\Boot.php(417): CodeIgniter\CodeIgniter->run()
#11 C:\xampp\htdocs\pos_ci4\system\Boot.php(68): CodeIgniter\Boot::runCodeIgniter(Object(CodeIgniter\CodeIgniter))
#12 C:\xampp\htdocs\pos_ci4\public\index.php(59): CodeIgniter\Boot::bootWeb(Object(Config\Paths))
#13 C:\xampp\htdocs\pos_ci4\system\rewrite.php(44): require_once('C:\\xampp\\htdocs...')
#14 {main}

Next CodeIgniter\Database\Exceptions\DatabaseException: Access denied for user '****'@'localhost' (using password: YES) in C:\xampp\htdocs\pos_ci4\system\Database\MySQLi\Connection.php:231
Stack trace:
#0 C:\xampp\htdocs\pos_ci4\system\Database\BaseConnection.php(555): CodeIgniter\Database\MySQLi\Connection->connect(false)
#1 C:\xampp\htdocs\pos_ci4\system\Database\BaseConnection.php(795): CodeIgniter\Database\BaseConnection->initialize()
#2 C:\xampp\htdocs\pos_ci4\system\Database\BaseBuilder.php(1649): CodeIgniter\Database\BaseConnection->query('SELECT *\nFROM `...', Array, false)
#3 C:\xampp\htdocs\pos_ci4\system\Model.php(295): CodeIgniter\Database\BaseBuilder->get()
#4 C:\xampp\htdocs\pos_ci4\system\BaseModel.php(714): CodeIgniter\Model->doFirst()
#5 C:\xampp\htdocs\pos_ci4\app\Controllers\Auth.php(21): CodeIgniter\BaseModel->first()
#6 C:\xampp\htdocs\pos_ci4\system\CodeIgniter.php(951): App\Controllers\Auth->authenticate()
#7 C:\xampp\htdocs\pos_ci4\system\CodeIgniter.php(497): CodeIgniter\CodeIgniter->runController(Object(App\Controllers\Auth))
#8 C:\xampp\htdocs\pos_ci4\system\CodeIgniter.php(340): CodeIgniter\CodeIgniter->handleRequest(NULL, Object(Config\Cache), false)
#9 C:\xampp\htdocs\pos_ci4\system\Boot.php(417): CodeIgniter\CodeIgniter->run()
#10 C:\xampp\htdocs\pos_ci4\system\Boot.php(68): CodeIgniter\Boot::runCodeIgniter(Object(CodeIgniter\CodeIgniter))
#11 C:\xampp\htdocs\pos_ci4\public\index.php(59): CodeIgniter\Boot::bootWeb(Object(Config\Paths))
#12 C:\xampp\htdocs\pos_ci4\system\rewrite.php(44): require_once('C:\\xampp\\htdocs...')
#13 {main}
CRITICAL - 2026-05-02 18:39:03 --> CodeIgniter\Database\Exceptions\DatabaseException: Unable to connect to the database.
Main connection [MySQLi]: Access denied for user '****'@'localhost' (using password: YES)
[Method: POST, Route: auth/authenticate]
in SYSTEMPATH\Database\BaseConnection.php on line 606.
 1 SYSTEMPATH\Database\BaseConnection.php(795): CodeIgniter\Database\BaseConnection->initialize()
 2 SYSTEMPATH\Database\BaseBuilder.php(1649): CodeIgniter\Database\BaseConnection->query('SELECT *
FROM `users`
WHERE `username` = :username:
 LIMIT 1', [...], false)
 3 SYSTEMPATH\Model.php(295): CodeIgniter\Database\BaseBuilder->get()
 4 SYSTEMPATH\BaseModel.php(714): CodeIgniter\Model->doFirst()
 5 APPPATH\Controllers\Auth.php(21): CodeIgniter\BaseModel->first()
 6 SYSTEMPATH\CodeIgniter.php(951): App\Controllers\Auth->authenticate()
 7 SYSTEMPATH\CodeIgniter.php(497): CodeIgniter\CodeIgniter->runController(Object(App\Controllers\Auth))
 8 SYSTEMPATH\CodeIgniter.php(340): CodeIgniter\CodeIgniter->handleRequest(null, Object(Config\Cache), false)
 9 SYSTEMPATH\Boot.php(417): CodeIgniter\CodeIgniter->run()
10 SYSTEMPATH\Boot.php(68): CodeIgniter\Boot::runCodeIgniter(Object(CodeIgniter\CodeIgniter))
11 FCPATH\index.php(59): CodeIgniter\Boot::bootWeb(Object(Config\Paths))
12 SYSTEMPATH\rewrite.php(44): require_once('C:\\xampp\\htdocs\\pos_ci4\\public\\index.php')
DEBUG - 2026-05-02 18:39:22 --> Session: Class initialized using 'CodeIgniter\Session\Handlers\FileHandler' driver.
ERROR - 2026-05-02 18:39:22 --> Error connecting to the database: mysqli_sql_exception: Access denied for user 'root'@'localhost' (using password: YES) in C:\xampp\htdocs\pos_ci4\system\Database\MySQLi\Connection.php:201
Stack trace:
#0 C:\xampp\htdocs\pos_ci4\system\Database\MySQLi\Connection.php(201): mysqli->real_connect('localhost', 'root', Object(SensitiveParameterValue), 'pos_db', 3306, '', 0)
#1 C:\xampp\htdocs\pos_ci4\system\Database\BaseConnection.php(555): CodeIgniter\Database\MySQLi\Connection->connect(false)
#2 C:\xampp\htdocs\pos_ci4\system\Database\BaseConnection.php(795): CodeIgniter\Database\BaseConnection->initialize()
#3 C:\xampp\htdocs\pos_ci4\system\Database\BaseBuilder.php(1649): CodeIgniter\Database\BaseConnection->query('SELECT *\nFROM `...', Array, false)
#4 C:\xampp\htdocs\pos_ci4\system\Model.php(295): CodeIgniter\Database\BaseBuilder->get()
#5 C:\xampp\htdocs\pos_ci4\system\BaseModel.php(714): CodeIgniter\Model->doFirst()
#6 C:\xampp\htdocs\pos_ci4\app\Controllers\Auth.php(21): CodeIgniter\BaseModel->first()
#7 C:\xampp\htdocs\pos_ci4\system\CodeIgniter.php(951): App\Controllers\Auth->authenticate()
#8 C:\xampp\htdocs\pos_ci4\system\CodeIgniter.php(497): CodeIgniter\CodeIgniter->runController(Object(App\Controllers\Auth))
#9 C:\xampp\htdocs\pos_ci4\system\CodeIgniter.php(340): CodeIgniter\CodeIgniter->handleRequest(NULL, Object(Config\Cache), false)
#10 C:\xampp\htdocs\pos_ci4\system\Boot.php(417): CodeIgniter\CodeIgniter->run()
#11 C:\xampp\htdocs\pos_ci4\system\Boot.php(68): CodeIgniter\Boot::runCodeIgniter(Object(CodeIgniter\CodeIgniter))
#12 C:\xampp\htdocs\pos_ci4\public\index.php(59): CodeIgniter\Boot::bootWeb(Object(Config\Paths))
#13 C:\xampp\htdocs\pos_ci4\system\rewrite.php(44): require_once('C:\\xampp\\htdocs...')
#14 {main}

Next CodeIgniter\Database\Exceptions\DatabaseException: Access denied for user '****'@'localhost' (using password: YES) in C:\xampp\htdocs\pos_ci4\system\Database\MySQLi\Connection.php:231
Stack trace:
#0 C:\xampp\htdocs\pos_ci4\system\Database\BaseConnection.php(555): CodeIgniter\Database\MySQLi\Connection->connect(false)
#1 C:\xampp\htdocs\pos_ci4\system\Database\BaseConnection.php(795): CodeIgniter\Database\BaseConnection->initialize()
#2 C:\xampp\htdocs\pos_ci4\system\Database\BaseBuilder.php(1649): CodeIgniter\Database\BaseConnection->query('SELECT *\nFROM `...', Array, false)
#3 C:\xampp\htdocs\pos_ci4\system\Model.php(295): CodeIgniter\Database\BaseBuilder->get()
#4 C:\xampp\htdocs\pos_ci4\system\BaseModel.php(714): CodeIgniter\Model->doFirst()
#5 C:\xampp\htdocs\pos_ci4\app\Controllers\Auth.php(21): CodeIgniter\BaseModel->first()
#6 C:\xampp\htdocs\pos_ci4\system\CodeIgniter.php(951): App\Controllers\Auth->authenticate()
#7 C:\xampp\htdocs\pos_ci4\system\CodeIgniter.php(497): CodeIgniter\CodeIgniter->runController(Object(App\Controllers\Auth))
#8 C:\xampp\htdocs\pos_ci4\system\CodeIgniter.php(340): CodeIgniter\CodeIgniter->handleRequest(NULL, Object(Config\Cache), false)
#9 C:\xampp\htdocs\pos_ci4\system\Boot.php(417): CodeIgniter\CodeIgniter->run()
#10 C:\xampp\htdocs\pos_ci4\system\Boot.php(68): CodeIgniter\Boot::runCodeIgniter(Object(CodeIgniter\CodeIgniter))
#11 C:\xampp\htdocs\pos_ci4\public\index.php(59): CodeIgniter\Boot::bootWeb(Object(Config\Paths))
#12 C:\xampp\htdocs\pos_ci4\system\rewrite.php(44): require_once('C:\\xampp\\htdocs...')
#13 {main}
CRITICAL - 2026-05-02 18:39:22 --> CodeIgniter\Database\Exceptions\DatabaseException: Unable to connect to the database.
Main connection [MySQLi]: Access denied for user '****'@'localhost' (using password: YES)
[Method: POST, Route: auth/authenticate]
in SYSTEMPATH\Database\BaseConnection.php on line 606.
 1 SYSTEMPATH\Database\BaseConnection.php(795): CodeIgniter\Database\BaseConnection->initialize()
 2 SYSTEMPATH\Database\BaseBuilder.php(1649): CodeIgniter\Database\BaseConnection->query('SELECT *
FROM `users`
WHERE `username` = :username:
 LIMIT 1', [...], false)
 3 SYSTEMPATH\Model.php(295): CodeIgniter\Database\BaseBuilder->get()
 4 SYSTEMPATH\BaseModel.php(714): CodeIgniter\Model->doFirst()
 5 APPPATH\Controllers\Auth.php(21): CodeIgniter\BaseModel->first()
 6 SYSTEMPATH\CodeIgniter.php(951): App\Controllers\Auth->authenticate()
 7 SYSTEMPATH\CodeIgniter.php(497): CodeIgniter\CodeIgniter->runController(Object(App\Controllers\Auth))
 8 SYSTEMPATH\CodeIgniter.php(340): CodeIgniter\CodeIgniter->handleRequest(null, Object(Config\Cache), false)
 9 SYSTEMPATH\Boot.php(417): CodeIgniter\CodeIgniter->run()
10 SYSTEMPATH\Boot.php(68): CodeIgniter\Boot::runCodeIgniter(Object(CodeIgniter\CodeIgniter))
11 FCPATH\index.php(59): CodeIgniter\Boot::bootWeb(Object(Config\Paths))
12 SYSTEMPATH\rewrite.php(44): require_once('C:\\xampp\\htdocs\\pos_ci4\\public\\index.php')
DEBUG - 2026-05-02 18:39:44 --> Session: Class initialized using 'CodeIgniter\Session\Handlers\FileHandler' driver.
ERROR - 2026-05-02 18:39:44 --> Error connecting to the database: mysqli_sql_exception: Access denied for user 'root'@'localhost' (using password: YES) in C:\xampp\htdocs\pos_ci4\system\Database\MySQLi\Connection.php:201
Stack trace:
#0 C:\xampp\htdocs\pos_ci4\system\Database\MySQLi\Connection.php(201): mysqli->real_connect('localhost', 'root', Object(SensitiveParameterValue), 'pos_db', 3306, '', 0)
#1 C:\xampp\htdocs\pos_ci4\system\Database\BaseConnection.php(555): CodeIgniter\Database\MySQLi\Connection->connect(false)
#2 C:\xampp\htdocs\pos_ci4\system\Database\BaseConnection.php(795): CodeIgniter\Database\BaseConnection->initialize()
#3 C:\xampp\htdocs\pos_ci4\system\Database\BaseBuilder.php(1649): CodeIgniter\Database\BaseConnection->query('SELECT *\nFROM `...', Array, false)
#4 C:\xampp\htdocs\pos_ci4\system\Model.php(295): CodeIgniter\Database\BaseBuilder->get()
#5 C:\xampp\htdocs\pos_ci4\system\BaseModel.php(714): CodeIgniter\Model->doFirst()
#6 C:\xampp\htdocs\pos_ci4\app\Controllers\Auth.php(21): CodeIgniter\BaseModel->first()
#7 C:\xampp\htdocs\pos_ci4\system\CodeIgniter.php(951): App\Controllers\Auth->authenticate()
#8 C:\xampp\htdocs\pos_ci4\system\CodeIgniter.php(497): CodeIgniter\CodeIgniter->runController(Object(App\Controllers\Auth))
#9 C:\xampp\htdocs\pos_ci4\system\CodeIgniter.php(340): CodeIgniter\CodeIgniter->handleRequest(NULL, Object(Config\Cache), false)
#10 C:\xampp\htdocs\pos_ci4\system\Boot.php(417): CodeIgniter\CodeIgniter->run()
#11 C:\xampp\htdocs\pos_ci4\system\Boot.php(68): CodeIgniter\Boot::runCodeIgniter(Object(CodeIgniter\CodeIgniter))
#12 C:\xampp\htdocs\pos_ci4\public\index.php(59): CodeIgniter\Boot::bootWeb(Object(Config\Paths))
#13 C:\xampp\htdocs\pos_ci4\system\rewrite.php(44): require_once('C:\\xampp\\htdocs...')
#14 {main}

Next CodeIgniter\Database\Exceptions\DatabaseException: Access denied for user '****'@'localhost' (using password: YES) in C:\xampp\htdocs\pos_ci4\system\Database\MySQLi\Connection.php:231
Stack trace:
#0 C:\xampp\htdocs\pos_ci4\system\Database\BaseConnection.php(555): CodeIgniter\Database\MySQLi\Connection->connect(false)
#1 C:\xampp\htdocs\pos_ci4\system\Database\BaseConnection.php(795): CodeIgniter\Database\BaseConnection->initialize()
#2 C:\xampp\htdocs\pos_ci4\system\Database\BaseBuilder.php(1649): CodeIgniter\Database\BaseConnection->query('SELECT *\nFROM `...', Array, false)
#3 C:\xampp\htdocs\pos_ci4\system\Model.php(295): CodeIgniter\Database\BaseBuilder->get()
#4 C:\xampp\htdocs\pos_ci4\system\BaseModel.php(714): CodeIgniter\Model->doFirst()
#5 C:\xampp\htdocs\pos_ci4\app\Controllers\Auth.php(21): CodeIgniter\BaseModel->first()
#6 C:\xampp\htdocs\pos_ci4\system\CodeIgniter.php(951): App\Controllers\Auth->authenticate()
#7 C:\xampp\htdocs\pos_ci4\system\CodeIgniter.php(497): CodeIgniter\CodeIgniter->runController(Object(App\Controllers\Auth))
#8 C:\xampp\htdocs\pos_ci4\system\CodeIgniter.php(340): CodeIgniter\CodeIgniter->handleRequest(NULL, Object(Config\Cache), false)
#9 C:\xampp\htdocs\pos_ci4\system\Boot.php(417): CodeIgniter\CodeIgniter->run()
#10 C:\xampp\htdocs\pos_ci4\system\Boot.php(68): CodeIgniter\Boot::runCodeIgniter(Object(CodeIgniter\CodeIgniter))
#11 C:\xampp\htdocs\pos_ci4\public\index.php(59): CodeIgniter\Boot::bootWeb(Object(Config\Paths))
#12 C:\xampp\htdocs\pos_ci4\system\rewrite.php(44): require_once('C:\\xampp\\htdocs...')
#13 {main}
CRITICAL - 2026-05-02 18:39:44 --> CodeIgniter\Database\Exceptions\DatabaseException: Unable to connect to the database.
Main connection [MySQLi]: Access denied for user '****'@'localhost' (using password: YES)
[Method: POST, Route: auth/authenticate]
in SYSTEMPATH\Database\BaseConnection.php on line 606.
 1 SYSTEMPATH\Database\BaseConnection.php(795): CodeIgniter\Database\BaseConnection->initialize()
 2 SYSTEMPATH\Database\BaseBuilder.php(1649): CodeIgniter\Database\BaseConnection->query('SELECT *
FROM `users`
WHERE `username` = :username:
 LIMIT 1', [...], false)
 3 SYSTEMPATH\Model.php(295): CodeIgniter\Database\BaseBuilder->get()
 4 SYSTEMPATH\BaseModel.php(714): CodeIgniter\Model->doFirst()
 5 APPPATH\Controllers\Auth.php(21): CodeIgniter\BaseModel->first()
 6 SYSTEMPATH\CodeIgniter.php(951): App\Controllers\Auth->authenticate()
 7 SYSTEMPATH\CodeIgniter.php(497): CodeIgniter\CodeIgniter->runController(Object(App\Controllers\Auth))
 8 SYSTEMPATH\CodeIgniter.php(340): CodeIgniter\CodeIgniter->handleRequest(null, Object(Config\Cache), false)
 9 SYSTEMPATH\Boot.php(417): CodeIgniter\CodeIgniter->run()
10 SYSTEMPATH\Boot.php(68): CodeIgniter\Boot::runCodeIgniter(Object(CodeIgniter\CodeIgniter))
11 FCPATH\index.php(59): CodeIgniter\Boot::bootWeb(Object(Config\Paths))
12 SYSTEMPATH\rewrite.php(44): require_once('C:\\xampp\\htdocs\\pos_ci4\\public\\index.php')
DEBUG - 2026-05-02 18:39:49 --> Session: Class initialized using 'CodeIgniter\Session\Handlers\FileHandler' driver.
ERROR - 2026-05-02 18:39:49 --> Error connecting to the database: mysqli_sql_exception: Access denied for user 'root'@'localhost' (using password: YES) in C:\xampp\htdocs\pos_ci4\system\Database\MySQLi\Connection.php:201
Stack trace:
#0 C:\xampp\htdocs\pos_ci4\system\Database\MySQLi\Connection.php(201): mysqli->real_connect('localhost', 'root', Object(SensitiveParameterValue), 'pos_db', 3306, '', 0)
#1 C:\xampp\htdocs\pos_ci4\system\Database\BaseConnection.php(555): CodeIgniter\Database\MySQLi\Connection->connect(false)
#2 C:\xampp\htdocs\pos_ci4\system\Database\BaseConnection.php(795): CodeIgniter\Database\BaseConnection->initialize()
#3 C:\xampp\htdocs\pos_ci4\system\Database\BaseBuilder.php(1649): CodeIgniter\Database\BaseConnection->query('SELECT *\nFROM `...', Array, false)
#4 C:\xampp\htdocs\pos_ci4\system\Model.php(295): CodeIgniter\Database\BaseBuilder->get()
#5 C:\xampp\htdocs\pos_ci4\system\BaseModel.php(714): CodeIgniter\Model->doFirst()
#6 C:\xampp\htdocs\pos_ci4\app\Controllers\Auth.php(21): CodeIgniter\BaseModel->first()
#7 C:\xampp\htdocs\pos_ci4\system\CodeIgniter.php(951): App\Controllers\Auth->authenticate()
#8 C:\xampp\htdocs\pos_ci4\system\CodeIgniter.php(497): CodeIgniter\CodeIgniter->runController(Object(App\Controllers\Auth))
#9 C:\xampp\htdocs\pos_ci4\system\CodeIgniter.php(340): CodeIgniter\CodeIgniter->handleRequest(NULL, Object(Config\Cache), false)
#10 C:\xampp\htdocs\pos_ci4\system\Boot.php(417): CodeIgniter\CodeIgniter->run()
#11 C:\xampp\htdocs\pos_ci4\system\Boot.php(68): CodeIgniter\Boot::runCodeIgniter(Object(CodeIgniter\CodeIgniter))
#12 C:\xampp\htdocs\pos_ci4\public\index.php(59): CodeIgniter\Boot::bootWeb(Object(Config\Paths))
#13 C:\xampp\htdocs\pos_ci4\system\rewrite.php(44): require_once('C:\\xampp\\htdocs...')
#14 {main}

Next CodeIgniter\Database\Exceptions\DatabaseException: Access denied for user '****'@'localhost' (using password: YES) in C:\xampp\htdocs\pos_ci4\system\Database\MySQLi\Connection.php:231
Stack trace:
#0 C:\xampp\htdocs\pos_ci4\system\Database\BaseConnection.php(555): CodeIgniter\Database\MySQLi\Connection->connect(false)
#1 C:\xampp\htdocs\pos_ci4\system\Database\BaseConnection.php(795): CodeIgniter\Database\BaseConnection->initialize()
#2 C:\xampp\htdocs\pos_ci4\system\Database\BaseBuilder.php(1649): CodeIgniter\Database\BaseConnection->query('SELECT *\nFROM `...', Array, false)
#3 C:\xampp\htdocs\pos_ci4\system\Model.php(295): CodeIgniter\Database\BaseBuilder->get()
#4 C:\xampp\htdocs\pos_ci4\system\BaseModel.php(714): CodeIgniter\Model->doFirst()
#5 C:\xampp\htdocs\pos_ci4\app\Controllers\Auth.php(21): CodeIgniter\BaseModel->first()
#6 C:\xampp\htdocs\pos_ci4\system\CodeIgniter.php(951): App\Controllers\Auth->authenticate()
#7 C:\xampp\htdocs\pos_ci4\system\CodeIgniter.php(497): CodeIgniter\CodeIgniter->runController(Object(App\Controllers\Auth))
#8 C:\xampp\htdocs\pos_ci4\system\CodeIgniter.php(340): CodeIgniter\CodeIgniter->handleRequest(NULL, Object(Config\Cache), false)
#9 C:\xampp\htdocs\pos_ci4\system\Boot.php(417): CodeIgniter\CodeIgniter->run()
#10 C:\xampp\htdocs\pos_ci4\system\Boot.php(68): CodeIgniter\Boot::runCodeIgniter(Object(CodeIgniter\CodeIgniter))
#11 C:\xampp\htdocs\pos_ci4\public\index.php(59): CodeIgniter\Boot::bootWeb(Object(Config\Paths))
#12 C:\xampp\htdocs\pos_ci4\system\rewrite.php(44): require_once('C:\\xampp\\htdocs...')
#13 {main}
CRITICAL - 2026-05-02 18:39:49 --> CodeIgniter\Database\Exceptions\DatabaseException: Unable to connect to the database.
Main connection [MySQLi]: Access denied for user '****'@'localhost' (using password: YES)
[Method: POST, Route: auth/authenticate]
in SYSTEMPATH\Database\BaseConnection.php on line 606.
 1 SYSTEMPATH\Database\BaseConnection.php(795): CodeIgniter\Database\BaseConnection->initialize()
 2 SYSTEMPATH\Database\BaseBuilder.php(1649): CodeIgniter\Database\BaseConnection->query('SELECT *
FROM `users`
WHERE `username` = :username:
 LIMIT 1', [...], false)
 3 SYSTEMPATH\Model.php(295): CodeIgniter\Database\BaseBuilder->get()
 4 SYSTEMPATH\BaseModel.php(714): CodeIgniter\Model->doFirst()
 5 APPPATH\Controllers\Auth.php(21): CodeIgniter\BaseModel->first()
 6 SYSTEMPATH\CodeIgniter.php(951): App\Controllers\Auth->authenticate()
 7 SYSTEMPATH\CodeIgniter.php(497): CodeIgniter\CodeIgniter->runController(Object(App\Controllers\Auth))
 8 SYSTEMPATH\CodeIgniter.php(340): CodeIgniter\CodeIgniter->handleRequest(null, Object(Config\Cache), false)
 9 SYSTEMPATH\Boot.php(417): CodeIgniter\CodeIgniter->run()
10 SYSTEMPATH\Boot.php(68): CodeIgniter\Boot::runCodeIgniter(Object(CodeIgniter\CodeIgniter))
11 FCPATH\index.php(59): CodeIgniter\Boot::bootWeb(Object(Config\Paths))
12 SYSTEMPATH\rewrite.php(44): require_once('C:\\xampp\\htdocs\\pos_ci4\\public\\index.php')
DEBUG - 2026-05-02 18:39:53 --> Session: Class initialized using 'CodeIgniter\Session\Handlers\FileHandler' driver.
ERROR - 2026-05-02 18:39:53 --> Error connecting to the database: mysqli_sql_exception: Access denied for user 'root'@'localhost' (using password: YES) in C:\xampp\htdocs\pos_ci4\system\Database\MySQLi\Connection.php:201
Stack trace:
#0 C:\xampp\htdocs\pos_ci4\system\Database\MySQLi\Connection.php(201): mysqli->real_connect('localhost', 'root', Object(SensitiveParameterValue), 'pos_db', 3306, '', 0)
#1 C:\xampp\htdocs\pos_ci4\system\Database\BaseConnection.php(555): CodeIgniter\Database\MySQLi\Connection->connect(false)
#2 C:\xampp\htdocs\pos_ci4\system\Database\BaseConnection.php(795): CodeIgniter\Database\BaseConnection->initialize()
#3 C:\xampp\htdocs\pos_ci4\system\Database\BaseBuilder.php(1649): CodeIgniter\Database\BaseConnection->query('SELECT *\nFROM `...', Array, false)
#4 C:\xampp\htdocs\pos_ci4\system\Model.php(295): CodeIgniter\Database\BaseBuilder->get()
#5 C:\xampp\htdocs\pos_ci4\system\BaseModel.php(714): CodeIgniter\Model->doFirst()
#6 C:\xampp\htdocs\pos_ci4\app\Controllers\Auth.php(21): CodeIgniter\BaseModel->first()
#7 C:\xampp\htdocs\pos_ci4\system\CodeIgniter.php(951): App\Controllers\Auth->authenticate()
#8 C:\xampp\htdocs\pos_ci4\system\CodeIgniter.php(497): CodeIgniter\CodeIgniter->runController(Object(App\Controllers\Auth))
#9 C:\xampp\htdocs\pos_ci4\system\CodeIgniter.php(340): CodeIgniter\CodeIgniter->handleRequest(NULL, Object(Config\Cache), false)
#10 C:\xampp\htdocs\pos_ci4\system\Boot.php(417): CodeIgniter\CodeIgniter->run()
#11 C:\xampp\htdocs\pos_ci4\system\Boot.php(68): CodeIgniter\Boot::runCodeIgniter(Object(CodeIgniter\CodeIgniter))
#12 C:\xampp\htdocs\pos_ci4\public\index.php(59): CodeIgniter\Boot::bootWeb(Object(Config\Paths))
#13 C:\xampp\htdocs\pos_ci4\system\rewrite.php(44): require_once('C:\\xampp\\htdocs...')
#14 {main}

Next CodeIgniter\Database\Exceptions\DatabaseException: Access denied for user '****'@'localhost' (using password: YES) in C:\xampp\htdocs\pos_ci4\system\Database\MySQLi\Connection.php:231
Stack trace:
#0 C:\xampp\htdocs\pos_ci4\system\Database\BaseConnection.php(555): CodeIgniter\Database\MySQLi\Connection->connect(false)
#1 C:\xampp\htdocs\pos_ci4\system\Database\BaseConnection.php(795): CodeIgniter\Database\BaseConnection->initialize()
#2 C:\xampp\htdocs\pos_ci4\system\Database\BaseBuilder.php(1649): CodeIgniter\Database\BaseConnection->query('SELECT *\nFROM `...', Array, false)
#3 C:\xampp\htdocs\pos_ci4\system\Model.php(295): CodeIgniter\Database\BaseBuilder->get()
#4 C:\xampp\htdocs\pos_ci4\system\BaseModel.php(714): CodeIgniter\Model->doFirst()
#5 C:\xampp\htdocs\pos_ci4\app\Controllers\Auth.php(21): CodeIgniter\BaseModel->first()
#6 C:\xampp\htdocs\pos_ci4\system\CodeIgniter.php(951): App\Controllers\Auth->authenticate()
#7 C:\xampp\htdocs\pos_ci4\system\CodeIgniter.php(497): CodeIgniter\CodeIgniter->runController(Object(App\Controllers\Auth))
#8 C:\xampp\htdocs\pos_ci4\system\CodeIgniter.php(340): CodeIgniter\CodeIgniter->handleRequest(NULL, Object(Config\Cache), false)
#9 C:\xampp\htdocs\pos_ci4\system\Boot.php(417): CodeIgniter\CodeIgniter->run()
#10 C:\xampp\htdocs\pos_ci4\system\Boot.php(68): CodeIgniter\Boot::runCodeIgniter(Object(CodeIgniter\CodeIgniter))
#11 C:\xampp\htdocs\pos_ci4\public\index.php(59): CodeIgniter\Boot::bootWeb(Object(Config\Paths))
#12 C:\xampp\htdocs\pos_ci4\system\rewrite.php(44): require_once('C:\\xampp\\htdocs...')
#13 {main}
CRITICAL - 2026-05-02 18:39:53 --> CodeIgniter\Database\Exceptions\DatabaseException: Unable to connect to the database.
Main connection [MySQLi]: Access denied for user '****'@'localhost' (using password: YES)
[Method: POST, Route: auth/authenticate]
in SYSTEMPATH\Database\BaseConnection.php on line 606.
 1 SYSTEMPATH\Database\BaseConnection.php(795): CodeIgniter\Database\BaseConnection->initialize()
 2 SYSTEMPATH\Database\BaseBuilder.php(1649): CodeIgniter\Database\BaseConnection->query('SELECT *
FROM `users`
WHERE `username` = :username:
 LIMIT 1', [...], false)
 3 SYSTEMPATH\Model.php(295): CodeIgniter\Database\BaseBuilder->get()
 4 SYSTEMPATH\BaseModel.php(714): CodeIgniter\Model->doFirst()
 5 APPPATH\Controllers\Auth.php(21): CodeIgniter\BaseModel->first()
 6 SYSTEMPATH\CodeIgniter.php(951): App\Controllers\Auth->authenticate()
 7 SYSTEMPATH\CodeIgniter.php(497): CodeIgniter\CodeIgniter->runController(Object(App\Controllers\Auth))
 8 SYSTEMPATH\CodeIgniter.php(340): CodeIgniter\CodeIgniter->handleRequest(null, Object(Config\Cache), false)
 9 SYSTEMPATH\Boot.php(417): CodeIgniter\CodeIgniter->run()
10 SYSTEMPATH\Boot.php(68): CodeIgniter\Boot::runCodeIgniter(Object(CodeIgniter\CodeIgniter))
11 FCPATH\index.php(59): CodeIgniter\Boot::bootWeb(Object(Config\Paths))
12 SYSTEMPATH\rewrite.php(44): require_once('C:\\xampp\\htdocs\\pos_ci4\\public\\index.php')
DEBUG - 2026-05-02 18:39:56 --> Session: Class initialized using 'CodeIgniter\Session\Handlers\FileHandler' driver.
DEBUG - 2026-05-02 18:40:03 --> Session: Class initialized using 'CodeIgniter\Session\Handlers\FileHandler' driver.
ERROR - 2026-05-02 18:40:03 --> Error connecting to the database: mysqli_sql_exception: Access denied for user 'root'@'localhost' (using password: YES) in C:\xampp\htdocs\pos_ci4\system\Database\MySQLi\Connection.php:201
Stack trace:
#0 C:\xampp\htdocs\pos_ci4\system\Database\MySQLi\Connection.php(201): mysqli->real_connect('localhost', 'root', Object(SensitiveParameterValue), 'pos_db', 3306, '', 0)
#1 C:\xampp\htdocs\pos_ci4\system\Database\BaseConnection.php(555): CodeIgniter\Database\MySQLi\Connection->connect(false)
#2 C:\xampp\htdocs\pos_ci4\system\Database\BaseConnection.php(795): CodeIgniter\Database\BaseConnection->initialize()
#3 C:\xampp\htdocs\pos_ci4\system\Database\BaseBuilder.php(1649): CodeIgniter\Database\BaseConnection->query('SELECT *\nFROM `...', Array, false)
#4 C:\xampp\htdocs\pos_ci4\system\Model.php(295): CodeIgniter\Database\BaseBuilder->get()
#5 C:\xampp\htdocs\pos_ci4\system\BaseModel.php(714): CodeIgniter\Model->doFirst()
#6 C:\xampp\htdocs\pos_ci4\app\Controllers\Auth.php(21): CodeIgniter\BaseModel->first()
#7 C:\xampp\htdocs\pos_ci4\system\CodeIgniter.php(951): App\Controllers\Auth->authenticate()
#8 C:\xampp\htdocs\pos_ci4\system\CodeIgniter.php(497): CodeIgniter\CodeIgniter->runController(Object(App\Controllers\Auth))
#9 C:\xampp\htdocs\pos_ci4\system\CodeIgniter.php(340): CodeIgniter\CodeIgniter->handleRequest(NULL, Object(Config\Cache), false)
#10 C:\xampp\htdocs\pos_ci4\system\Boot.php(417): CodeIgniter\CodeIgniter->run()
#11 C:\xampp\htdocs\pos_ci4\system\Boot.php(68): CodeIgniter\Boot::runCodeIgniter(Object(CodeIgniter\CodeIgniter))
#12 C:\xampp\htdocs\pos_ci4\public\index.php(59): CodeIgniter\Boot::bootWeb(Object(Config\Paths))
#13 C:\xampp\htdocs\pos_ci4\system\rewrite.php(44): require_once('C:\\xampp\\htdocs...')
#14 {main}

Next CodeIgniter\Database\Exceptions\DatabaseException: Access denied for user '****'@'localhost' (using password: YES) in C:\xampp\htdocs\pos_ci4\system\Database\MySQLi\Connection.php:231
Stack trace:
#0 C:\xampp\htdocs\pos_ci4\system\Database\BaseConnection.php(555): CodeIgniter\Database\MySQLi\Connection->connect(false)
#1 C:\xampp\htdocs\pos_ci4\system\Database\BaseConnection.php(795): CodeIgniter\Database\BaseConnection->initialize()
#2 C:\xampp\htdocs\pos_ci4\system\Database\BaseBuilder.php(1649): CodeIgniter\Database\BaseConnection->query('SELECT *\nFROM `...', Array, false)
#3 C:\xampp\htdocs\pos_ci4\system\Model.php(295): CodeIgniter\Database\BaseBuilder->get()
#4 C:\xampp\htdocs\pos_ci4\system\BaseModel.php(714): CodeIgniter\Model->doFirst()
#5 C:\xampp\htdocs\pos_ci4\app\Controllers\Auth.php(21): CodeIgniter\BaseModel->first()
#6 C:\xampp\htdocs\pos_ci4\system\CodeIgniter.php(951): App\Controllers\Auth->authenticate()
#7 C:\xampp\htdocs\pos_ci4\system\CodeIgniter.php(497): CodeIgniter\CodeIgniter->runController(Object(App\Controllers\Auth))
#8 C:\xampp\htdocs\pos_ci4\system\CodeIgniter.php(340): CodeIgniter\CodeIgniter->handleRequest(NULL, Object(Config\Cache), false)
#9 C:\xampp\htdocs\pos_ci4\system\Boot.php(417): CodeIgniter\CodeIgniter->run()
#10 C:\xampp\htdocs\pos_ci4\system\Boot.php(68): CodeIgniter\Boot::runCodeIgniter(Object(CodeIgniter\CodeIgniter))
#11 C:\xampp\htdocs\pos_ci4\public\index.php(59): CodeIgniter\Boot::bootWeb(Object(Config\Paths))
#12 C:\xampp\htdocs\pos_ci4\system\rewrite.php(44): require_once('C:\\xampp\\htdocs...')
#13 {main}
CRITICAL - 2026-05-02 18:40:03 --> CodeIgniter\Database\Exceptions\DatabaseException: Unable to connect to the database.
Main connection [MySQLi]: Access denied for user '****'@'localhost' (using password: YES)
[Method: POST, Route: auth/authenticate]
in SYSTEMPATH\Database\BaseConnection.php on line 606.
 1 SYSTEMPATH\Database\BaseConnection.php(795): CodeIgniter\Database\BaseConnection->initialize()
 2 SYSTEMPATH\Database\BaseBuilder.php(1649): CodeIgniter\Database\BaseConnection->query('SELECT *
FROM `users`
WHERE `username` = :username:
 LIMIT 1', [...], false)
 3 SYSTEMPATH\Model.php(295): CodeIgniter\Database\BaseBuilder->get()
 4 SYSTEMPATH\BaseModel.php(714): CodeIgniter\Model->doFirst()
 5 APPPATH\Controllers\Auth.php(21): CodeIgniter\BaseModel->first()
 6 SYSTEMPATH\CodeIgniter.php(951): App\Controllers\Auth->authenticate()
 7 SYSTEMPATH\CodeIgniter.php(497): CodeIgniter\CodeIgniter->runController(Object(App\Controllers\Auth))
 8 SYSTEMPATH\CodeIgniter.php(340): CodeIgniter\CodeIgniter->handleRequest(null, Object(Config\Cache), false)
 9 SYSTEMPATH\Boot.php(417): CodeIgniter\CodeIgniter->run()
10 SYSTEMPATH\Boot.php(68): CodeIgniter\Boot::runCodeIgniter(Object(CodeIgniter\CodeIgniter))
11 FCPATH\index.php(59): CodeIgniter\Boot::bootWeb(Object(Config\Paths))
12 SYSTEMPATH\rewrite.php(44): require_once('C:\\xampp\\htdocs\\pos_ci4\\public\\index.php')
CRITICAL - 2026-05-02 18:44:37 --> CodeIgniter\Filters\Exceptions\FilterException: "auth" filter must have a matching alias defined.
[Method: GET, Route: prueba-bd]
in SYSTEMPATH\Filters\Filters.php on line 590.
 1 SYSTEMPATH\Filters\Filters.php(590): CodeIgniter\Filters\Exceptions\FilterException::forNoAlias('auth')
 2 SYSTEMPATH\Filters\Filters.php(641): CodeIgniter\Filters\Filters->enableFilter('auth', 'before')
 3 SYSTEMPATH\CodeIgniter.php(453): CodeIgniter\Filters\Filters->enableFilters([...], 'before')
 4 SYSTEMPATH\CodeIgniter.php(340): CodeIgniter\CodeIgniter->handleRequest(null, Object(Config\Cache), false)
 5 SYSTEMPATH\Boot.php(417): CodeIgniter\CodeIgniter->run()
 6 SYSTEMPATH\Boot.php(68): CodeIgniter\Boot::runCodeIgniter(Object(CodeIgniter\CodeIgniter))
 7 FCPATH\index.php(59): CodeIgniter\Boot::bootWeb(Object(Config\Paths))
 8 SYSTEMPATH\rewrite.php(44): require_once('C:\\xampp\\htdocs\\pos_ci4\\public\\index.php')
DEBUG - 2026-05-02 18:44:53 --> Session: Class initialized using 'CodeIgniter\Session\Handlers\FileHandler' driver.
DEBUG - 2026-05-02 18:44:55 --> Session: Class initialized using 'CodeIgniter\Session\Handlers\FileHandler' driver.
DEBUG - 2026-05-02 18:44:58 --> Session: Class initialized using 'CodeIgniter\Session\Handlers\FileHandler' driver.
CRITICAL - 2026-05-02 18:46:41 --> CodeIgniter\Filters\Exceptions\FilterException: "auth" filter must have a matching alias defined.
[Method: GET, Route: prueba-bd]
in SYSTEMPATH\Filters\Filters.php on line 590.
 1 SYSTEMPATH\Filters\Filters.php(590): CodeIgniter\Filters\Exceptions\FilterException::forNoAlias('auth')
 2 SYSTEMPATH\Filters\Filters.php(641): CodeIgniter\Filters\Filters->enableFilter('auth', 'before')
 3 SYSTEMPATH\CodeIgniter.php(453): CodeIgniter\Filters\Filters->enableFilters([...], 'before')
 4 SYSTEMPATH\CodeIgniter.php(340): CodeIgniter\CodeIgniter->handleRequest(null, Object(Config\Cache), false)
 5 SYSTEMPATH\Boot.php(417): CodeIgniter\CodeIgniter->run()
 6 SYSTEMPATH\Boot.php(68): CodeIgniter\Boot::runCodeIgniter(Object(CodeIgniter\CodeIgniter))
 7 FCPATH\index.php(59): CodeIgniter\Boot::bootWeb(Object(Config\Paths))
 8 SYSTEMPATH\rewrite.php(44): require_once('C:\\xampp\\htdocs\\pos_ci4\\public\\index.php')
DEBUG - 2026-05-02 18:46:51 --> Session: Class initialized using 'CodeIgniter\Session\Handlers\FileHandler' driver.
ERROR - 2026-05-02 18:46:51 --> Error connecting to the database: mysqli_sql_exception: Access denied for user 'root'@'localhost' (using password: YES) in C:\xampp\htdocs\pos_ci4\system\Database\MySQLi\Connection.php:201
Stack trace:
#0 C:\xampp\htdocs\pos_ci4\system\Database\MySQLi\Connection.php(201): mysqli->real_connect('localhost', 'root', Object(SensitiveParameterValue), 'pos_db', 3306, '', 0)
#1 C:\xampp\htdocs\pos_ci4\system\Database\BaseConnection.php(555): CodeIgniter\Database\MySQLi\Connection->connect(false)
#2 C:\xampp\htdocs\pos_ci4\system\Database\BaseConnection.php(795): CodeIgniter\Database\BaseConnection->initialize()
#3 C:\xampp\htdocs\pos_ci4\system\Database\BaseBuilder.php(1649): CodeIgniter\Database\BaseConnection->query('SELECT *\nFROM `...', Array, false)
#4 C:\xampp\htdocs\pos_ci4\system\Model.php(295): CodeIgniter\Database\BaseBuilder->get()
#5 C:\xampp\htdocs\pos_ci4\system\BaseModel.php(714): CodeIgniter\Model->doFirst()
#6 C:\xampp\htdocs\pos_ci4\app\Controllers\Auth.php(21): CodeIgniter\BaseModel->first()
#7 C:\xampp\htdocs\pos_ci4\system\CodeIgniter.php(951): App\Controllers\Auth->authenticate()
#8 C:\xampp\htdocs\pos_ci4\system\CodeIgniter.php(497): CodeIgniter\CodeIgniter->runController(Object(App\Controllers\Auth))
#9 C:\xampp\htdocs\pos_ci4\system\CodeIgniter.php(340): CodeIgniter\CodeIgniter->handleRequest(NULL, Object(Config\Cache), false)
#10 C:\xampp\htdocs\pos_ci4\system\Boot.php(417): CodeIgniter\CodeIgniter->run()
#11 C:\xampp\htdocs\pos_ci4\system\Boot.php(68): CodeIgniter\Boot::runCodeIgniter(Object(CodeIgniter\CodeIgniter))
#12 C:\xampp\htdocs\pos_ci4\public\index.php(59): CodeIgniter\Boot::bootWeb(Object(Config\Paths))
#13 C:\xampp\htdocs\pos_ci4\system\rewrite.php(44): require_once('C:\\xampp\\htdocs...')
#14 {main}

Next CodeIgniter\Database\Exceptions\DatabaseException: Access denied for user '****'@'localhost' (using password: YES) in C:\xampp\htdocs\pos_ci4\system\Database\MySQLi\Connection.php:231
Stack trace:
#0 C:\xampp\htdocs\pos_ci4\system\Database\BaseConnection.php(555): CodeIgniter\Database\MySQLi\Connection->connect(false)
#1 C:\xampp\htdocs\pos_ci4\system\Database\BaseConnection.php(795): CodeIgniter\Database\BaseConnection->initialize()
#2 C:\xampp\htdocs\pos_ci4\system\Database\BaseBuilder.php(1649): CodeIgniter\Database\BaseConnection->query('SELECT *\nFROM `...', Array, false)
#3 C:\xampp\htdocs\pos_ci4\system\Model.php(295): CodeIgniter\Database\BaseBuilder->get()
#4 C:\xampp\htdocs\pos_ci4\system\BaseModel.php(714): CodeIgniter\Model->doFirst()
#5 C:\xampp\htdocs\pos_ci4\app\Controllers\Auth.php(21): CodeIgniter\BaseModel->first()
#6 C:\xampp\htdocs\pos_ci4\system\CodeIgniter.php(951): App\Controllers\Auth->authenticate()
#7 C:\xampp\htdocs\pos_ci4\system\CodeIgniter.php(497): CodeIgniter\CodeIgniter->runController(Object(App\Controllers\Auth))
#8 C:\xampp\htdocs\pos_ci4\system\CodeIgniter.php(340): CodeIgniter\CodeIgniter->handleRequest(NULL, Object(Config\Cache), false)
#9 C:\xampp\htdocs\pos_ci4\system\Boot.php(417): CodeIgniter\CodeIgniter->run()
#10 C:\xampp\htdocs\pos_ci4\system\Boot.php(68): CodeIgniter\Boot::runCodeIgniter(Object(CodeIgniter\CodeIgniter))
#11 C:\xampp\htdocs\pos_ci4\public\index.php(59): CodeIgniter\Boot::bootWeb(Object(Config\Paths))
#12 C:\xampp\htdocs\pos_ci4\system\rewrite.php(44): require_once('C:\\xampp\\htdocs...')
#13 {main}
CRITICAL - 2026-05-02 18:46:51 --> CodeIgniter\Database\Exceptions\DatabaseException: Unable to connect to the database.
Main connection [MySQLi]: Access denied for user '****'@'localhost' (using password: YES)
[Method: POST, Route: auth/authenticate]
in SYSTEMPATH\Database\BaseConnection.php on line 606.
 1 SYSTEMPATH\Database\BaseConnection.php(795): CodeIgniter\Database\BaseConnection->initialize()
 2 SYSTEMPATH\Database\BaseBuilder.php(1649): CodeIgniter\Database\BaseConnection->query('SELECT *
FROM `users`
WHERE `username` = :username:
 LIMIT 1', [...], false)
 3 SYSTEMPATH\Model.php(295): CodeIgniter\Database\BaseBuilder->get()
 4 SYSTEMPATH\BaseModel.php(714): CodeIgniter\Model->doFirst()
 5 APPPATH\Controllers\Auth.php(21): CodeIgniter\BaseModel->first()
 6 SYSTEMPATH\CodeIgniter.php(951): App\Controllers\Auth->authenticate()
 7 SYSTEMPATH\CodeIgniter.php(497): CodeIgniter\CodeIgniter->runController(Object(App\Controllers\Auth))
 8 SYSTEMPATH\CodeIgniter.php(340): CodeIgniter\CodeIgniter->handleRequest(null, Object(Config\Cache), false)
 9 SYSTEMPATH\Boot.php(417): CodeIgniter\CodeIgniter->run()
10 SYSTEMPATH\Boot.php(68): CodeIgniter\Boot::runCodeIgniter(Object(CodeIgniter\CodeIgniter))
11 FCPATH\index.php(59): CodeIgniter\Boot::bootWeb(Object(Config\Paths))
12 SYSTEMPATH\rewrite.php(44): require_once('C:\\xampp\\htdocs\\pos_ci4\\public\\index.php')
DEBUG - 2026-05-02 18:48:06 --> Session: Class initialized using 'CodeIgniter\Session\Handlers\FileHandler' driver.
DEBUG - 2026-05-02 18:48:11 --> Session: Class initialized using 'CodeIgniter\Session\Handlers\FileHandler' driver.
ERROR - 2026-05-02 18:48:11 --> Error connecting to the database: mysqli_sql_exception: Access denied for user 'root'@'localhost' (using password: YES) in C:\xampp\htdocs\pos_ci4\system\Database\MySQLi\Connection.php:201
Stack trace:
#0 C:\xampp\htdocs\pos_ci4\system\Database\MySQLi\Connection.php(201): mysqli->real_connect('localhost', 'root', Object(SensitiveParameterValue), 'pos_db', 3306, '', 0)
#1 C:\xampp\htdocs\pos_ci4\system\Database\BaseConnection.php(555): CodeIgniter\Database\MySQLi\Connection->connect(false)
#2 C:\xampp\htdocs\pos_ci4\system\Database\BaseConnection.php(795): CodeIgniter\Database\BaseConnection->initialize()
#3 C:\xampp\htdocs\pos_ci4\system\Database\BaseBuilder.php(1649): CodeIgniter\Database\BaseConnection->query('SELECT *\nFROM `...', Array, false)
#4 C:\xampp\htdocs\pos_ci4\system\Model.php(295): CodeIgniter\Database\BaseBuilder->get()
#5 C:\xampp\htdocs\pos_ci4\system\BaseModel.php(714): CodeIgniter\Model->doFirst()
#6 C:\xampp\htdocs\pos_ci4\app\Controllers\Auth.php(21): CodeIgniter\BaseModel->first()
#7 C:\xampp\htdocs\pos_ci4\system\CodeIgniter.php(951): App\Controllers\Auth->authenticate()
#8 C:\xampp\htdocs\pos_ci4\system\CodeIgniter.php(497): CodeIgniter\CodeIgniter->runController(Object(App\Controllers\Auth))
#9 C:\xampp\htdocs\pos_ci4\system\CodeIgniter.php(340): CodeIgniter\CodeIgniter->handleRequest(NULL, Object(Config\Cache), false)
#10 C:\xampp\htdocs\pos_ci4\system\Boot.php(417): CodeIgniter\CodeIgniter->run()
#11 C:\xampp\htdocs\pos_ci4\system\Boot.php(68): CodeIgniter\Boot::runCodeIgniter(Object(CodeIgniter\CodeIgniter))
#12 C:\xampp\htdocs\pos_ci4\public\index.php(59): CodeIgniter\Boot::bootWeb(Object(Config\Paths))
#13 C:\xampp\htdocs\pos_ci4\system\rewrite.php(44): require_once('C:\\xampp\\htdocs...')
#14 {main}

Next CodeIgniter\Database\Exceptions\DatabaseException: Access denied for user '****'@'localhost' (using password: YES) in C:\xampp\htdocs\pos_ci4\system\Database\MySQLi\Connection.php:231
Stack trace:
#0 C:\xampp\htdocs\pos_ci4\system\Database\BaseConnection.php(555): CodeIgniter\Database\MySQLi\Connection->connect(false)
#1 C:\xampp\htdocs\pos_ci4\system\Database\BaseConnection.php(795): CodeIgniter\Database\BaseConnection->initialize()
#2 C:\xampp\htdocs\pos_ci4\system\Database\BaseBuilder.php(1649): CodeIgniter\Database\BaseConnection->query('SELECT *\nFROM `...', Array, false)
#3 C:\xampp\htdocs\pos_ci4\system\Model.php(295): CodeIgniter\Database\BaseBuilder->get()
#4 C:\xampp\htdocs\pos_ci4\system\BaseModel.php(714): CodeIgniter\Model->doFirst()
#5 C:\xampp\htdocs\pos_ci4\app\Controllers\Auth.php(21): CodeIgniter\BaseModel->first()
#6 C:\xampp\htdocs\pos_ci4\system\CodeIgniter.php(951): App\Controllers\Auth->authenticate()
#7 C:\xampp\htdocs\pos_ci4\system\CodeIgniter.php(497): CodeIgniter\CodeIgniter->runController(Object(App\Controllers\Auth))
#8 C:\xampp\htdocs\pos_ci4\system\CodeIgniter.php(340): CodeIgniter\CodeIgniter->handleRequest(NULL, Object(Config\Cache), false)
#9 C:\xampp\htdocs\pos_ci4\system\Boot.php(417): CodeIgniter\CodeIgniter->run()
#10 C:\xampp\htdocs\pos_ci4\system\Boot.php(68): CodeIgniter\Boot::runCodeIgniter(Object(CodeIgniter\CodeIgniter))
#11 C:\xampp\htdocs\pos_ci4\public\index.php(59): CodeIgniter\Boot::bootWeb(Object(Config\Paths))
#12 C:\xampp\htdocs\pos_ci4\system\rewrite.php(44): require_once('C:\\xampp\\htdocs...')
#13 {main}
CRITICAL - 2026-05-02 18:48:11 --> CodeIgniter\Database\Exceptions\DatabaseException: Unable to connect to the database.
Main connection [MySQLi]: Access denied for user '****'@'localhost' (using password: YES)
[Method: POST, Route: auth/authenticate]
in SYSTEMPATH\Database\BaseConnection.php on line 606.
 1 SYSTEMPATH\Database\BaseConnection.php(795): CodeIgniter\Database\BaseConnection->initialize()
 2 SYSTEMPATH\Database\BaseBuilder.php(1649): CodeIgniter\Database\BaseConnection->query('SELECT *
FROM `users`
WHERE `username` = :username:
 LIMIT 1', [...], false)
 3 SYSTEMPATH\Model.php(295): CodeIgniter\Database\BaseBuilder->get()
 4 SYSTEMPATH\BaseModel.php(714): CodeIgniter\Model->doFirst()
 5 APPPATH\Controllers\Auth.php(21): CodeIgniter\BaseModel->first()
 6 SYSTEMPATH\CodeIgniter.php(951): App\Controllers\Auth->authenticate()
 7 SYSTEMPATH\CodeIgniter.php(497): CodeIgniter\CodeIgniter->runController(Object(App\Controllers\Auth))
 8 SYSTEMPATH\CodeIgniter.php(340): CodeIgniter\CodeIgniter->handleRequest(null, Object(Config\Cache), false)
 9 SYSTEMPATH\Boot.php(417): CodeIgniter\CodeIgniter->run()
10 SYSTEMPATH\Boot.php(68): CodeIgniter\Boot::runCodeIgniter(Object(CodeIgniter\CodeIgniter))
11 FCPATH\index.php(59): CodeIgniter\Boot::bootWeb(Object(Config\Paths))
12 SYSTEMPATH\rewrite.php(44): require_once('C:\\xampp\\htdocs\\pos_ci4\\public\\index.php')
CRITICAL - 2026-05-02 18:48:16 --> CodeIgniter\Filters\Exceptions\FilterException: "auth" filter must have a matching alias defined.
[Method: GET, Route: prueba-bd]
in SYSTEMPATH\Filters\Filters.php on line 590.
 1 SYSTEMPATH\Filters\Filters.php(590): CodeIgniter\Filters\Exceptions\FilterException::forNoAlias('auth')
 2 SYSTEMPATH\Filters\Filters.php(641): CodeIgniter\Filters\Filters->enableFilter('auth', 'before')
 3 SYSTEMPATH\CodeIgniter.php(453): CodeIgniter\Filters\Filters->enableFilters([...], 'before')
 4 SYSTEMPATH\CodeIgniter.php(340): CodeIgniter\CodeIgniter->handleRequest(null, Object(Config\Cache), false)
 5 SYSTEMPATH\Boot.php(417): CodeIgniter\CodeIgniter->run()
 6 SYSTEMPATH\Boot.php(68): CodeIgniter\Boot::runCodeIgniter(Object(CodeIgniter\CodeIgniter))
 7 FCPATH\index.php(59): CodeIgniter\Boot::bootWeb(Object(Config\Paths))
 8 SYSTEMPATH\rewrite.php(44): require_once('C:\\xampp\\htdocs\\pos_ci4\\public\\index.php')
CRITICAL - 2026-05-02 18:49:02 --> CodeIgniter\Filters\Exceptions\FilterException: "auth" filter must have a matching alias defined.
[Method: GET, Route: prueba-bd]
in SYSTEMPATH\Filters\Filters.php on line 590.
 1 SYSTEMPATH\Filters\Filters.php(590): CodeIgniter\Filters\Exceptions\FilterException::forNoAlias('auth')
 2 SYSTEMPATH\Filters\Filters.php(641): CodeIgniter\Filters\Filters->enableFilter('auth', 'before')
 3 SYSTEMPATH\CodeIgniter.php(453): CodeIgniter\Filters\Filters->enableFilters([...], 'before')
 4 SYSTEMPATH\CodeIgniter.php(340): CodeIgniter\CodeIgniter->handleRequest(null, Object(Config\Cache), false)
 5 SYSTEMPATH\Boot.php(417): CodeIgniter\CodeIgniter->run()
 6 SYSTEMPATH\Boot.php(68): CodeIgniter\Boot::runCodeIgniter(Object(CodeIgniter\CodeIgniter))
 7 FCPATH\index.php(59): CodeIgniter\Boot::bootWeb(Object(Config\Paths))
 8 SYSTEMPATH\rewrite.php(44): require_once('C:\\xampp\\htdocs\\pos_ci4\\public\\index.php')
CRITICAL - 2026-05-02 18:49:03 --> CodeIgniter\Filters\Exceptions\FilterException: "auth" filter must have a matching alias defined.
[Method: GET, Route: prueba-bd]
in SYSTEMPATH\Filters\Filters.php on line 590.
 1 SYSTEMPATH\Filters\Filters.php(590): CodeIgniter\Filters\Exceptions\FilterException::forNoAlias('auth')
 2 SYSTEMPATH\Filters\Filters.php(641): CodeIgniter\Filters\Filters->enableFilter('auth', 'before')
 3 SYSTEMPATH\CodeIgniter.php(453): CodeIgniter\Filters\Filters->enableFilters([...], 'before')
 4 SYSTEMPATH\CodeIgniter.php(340): CodeIgniter\CodeIgniter->handleRequest(null, Object(Config\Cache), false)
 5 SYSTEMPATH\Boot.php(417): CodeIgniter\CodeIgniter->run()
 6 SYSTEMPATH\Boot.php(68): CodeIgniter\Boot::runCodeIgniter(Object(CodeIgniter\CodeIgniter))
 7 FCPATH\index.php(59): CodeIgniter\Boot::bootWeb(Object(Config\Paths))
 8 SYSTEMPATH\rewrite.php(44): require_once('C:\\xampp\\htdocs\\pos_ci4\\public\\index.php')
CRITICAL - 2026-05-02 18:49:04 --> CodeIgniter\Filters\Exceptions\FilterException: "auth" filter must have a matching alias defined.
[Method: GET, Route: prueba-bd]
in SYSTEMPATH\Filters\Filters.php on line 590.
 1 SYSTEMPATH\Filters\Filters.php(590): CodeIgniter\Filters\Exceptions\FilterException::forNoAlias('auth')
 2 SYSTEMPATH\Filters\Filters.php(641): CodeIgniter\Filters\Filters->enableFilter('auth', 'before')
 3 SYSTEMPATH\CodeIgniter.php(453): CodeIgniter\Filters\Filters->enableFilters([...], 'before')
 4 SYSTEMPATH\CodeIgniter.php(340): CodeIgniter\CodeIgniter->handleRequest(null, Object(Config\Cache), false)
 5 SYSTEMPATH\Boot.php(417): CodeIgniter\CodeIgniter->run()
 6 SYSTEMPATH\Boot.php(68): CodeIgniter\Boot::runCodeIgniter(Object(CodeIgniter\CodeIgniter))
 7 FCPATH\index.php(59): CodeIgniter\Boot::bootWeb(Object(Config\Paths))
 8 SYSTEMPATH\rewrite.php(44): require_once('C:\\xampp\\htdocs\\pos_ci4\\public\\index.php')
CRITICAL - 2026-05-02 18:49:04 --> CodeIgniter\Filters\Exceptions\FilterException: "auth" filter must have a matching alias defined.
[Method: GET, Route: prueba-bd]
in SYSTEMPATH\Filters\Filters.php on line 590.
 1 SYSTEMPATH\Filters\Filters.php(590): CodeIgniter\Filters\Exceptions\FilterException::forNoAlias('auth')
 2 SYSTEMPATH\Filters\Filters.php(641): CodeIgniter\Filters\Filters->enableFilter('auth', 'before')
 3 SYSTEMPATH\CodeIgniter.php(453): CodeIgniter\Filters\Filters->enableFilters([...], 'before')
 4 SYSTEMPATH\CodeIgniter.php(340): CodeIgniter\CodeIgniter->handleRequest(null, Object(Config\Cache), false)
 5 SYSTEMPATH\Boot.php(417): CodeIgniter\CodeIgniter->run()
 6 SYSTEMPATH\Boot.php(68): CodeIgniter\Boot::runCodeIgniter(Object(CodeIgniter\CodeIgniter))
 7 FCPATH\index.php(59): CodeIgniter\Boot::bootWeb(Object(Config\Paths))
 8 SYSTEMPATH\rewrite.php(44): require_once('C:\\xampp\\htdocs\\pos_ci4\\public\\index.php')
CRITICAL - 2026-05-02 18:49:04 --> CodeIgniter\Filters\Exceptions\FilterException: "auth" filter must have a matching alias defined.
[Method: GET, Route: prueba-bd]
in SYSTEMPATH\Filters\Filters.php on line 590.
 1 SYSTEMPATH\Filters\Filters.php(590): CodeIgniter\Filters\Exceptions\FilterException::forNoAlias('auth')
 2 SYSTEMPATH\Filters\Filters.php(641): CodeIgniter\Filters\Filters->enableFilter('auth', 'before')
 3 SYSTEMPATH\CodeIgniter.php(453): CodeIgniter\Filters\Filters->enableFilters([...], 'before')
 4 SYSTEMPATH\CodeIgniter.php(340): CodeIgniter\CodeIgniter->handleRequest(null, Object(Config\Cache), false)
 5 SYSTEMPATH\Boot.php(417): CodeIgniter\CodeIgniter->run()
 6 SYSTEMPATH\Boot.php(68): CodeIgniter\Boot::runCodeIgniter(Object(CodeIgniter\CodeIgniter))
 7 FCPATH\index.php(59): CodeIgniter\Boot::bootWeb(Object(Config\Paths))
 8 SYSTEMPATH\rewrite.php(44): require_once('C:\\xampp\\htdocs\\pos_ci4\\public\\index.php')
CRITICAL - 2026-05-02 18:49:05 --> CodeIgniter\Filters\Exceptions\FilterException: "auth" filter must have a matching alias defined.
[Method: GET, Route: prueba-bd]
in SYSTEMPATH\Filters\Filters.php on line 590.
 1 SYSTEMPATH\Filters\Filters.php(590): CodeIgniter\Filters\Exceptions\FilterException::forNoAlias('auth')
 2 SYSTEMPATH\Filters\Filters.php(641): CodeIgniter\Filters\Filters->enableFilter('auth', 'before')
 3 SYSTEMPATH\CodeIgniter.php(453): CodeIgniter\Filters\Filters->enableFilters([...], 'before')
 4 SYSTEMPATH\CodeIgniter.php(340): CodeIgniter\CodeIgniter->handleRequest(null, Object(Config\Cache), false)
 5 SYSTEMPATH\Boot.php(417): CodeIgniter\CodeIgniter->run()
 6 SYSTEMPATH\Boot.php(68): CodeIgniter\Boot::runCodeIgniter(Object(CodeIgniter\CodeIgniter))
 7 FCPATH\index.php(59): CodeIgniter\Boot::bootWeb(Object(Config\Paths))
 8 SYSTEMPATH\rewrite.php(44): require_once('C:\\xampp\\htdocs\\pos_ci4\\public\\index.php')
CRITICAL - 2026-05-02 18:49:05 --> CodeIgniter\Filters\Exceptions\FilterException: "auth" filter must have a matching alias defined.
[Method: GET, Route: prueba-bd]
in SYSTEMPATH\Filters\Filters.php on line 590.
 1 SYSTEMPATH\Filters\Filters.php(590): CodeIgniter\Filters\Exceptions\FilterException::forNoAlias('auth')
 2 SYSTEMPATH\Filters\Filters.php(641): CodeIgniter\Filters\Filters->enableFilter('auth', 'before')
 3 SYSTEMPATH\CodeIgniter.php(453): CodeIgniter\Filters\Filters->enableFilters([...], 'before')
 4 SYSTEMPATH\CodeIgniter.php(340): CodeIgniter\CodeIgniter->handleRequest(null, Object(Config\Cache), false)
 5 SYSTEMPATH\Boot.php(417): CodeIgniter\CodeIgniter->run()
 6 SYSTEMPATH\Boot.php(68): CodeIgniter\Boot::runCodeIgniter(Object(CodeIgniter\CodeIgniter))
 7 FCPATH\index.php(59): CodeIgniter\Boot::bootWeb(Object(Config\Paths))
 8 SYSTEMPATH\rewrite.php(44): require_once('C:\\xampp\\htdocs\\pos_ci4\\public\\index.php')
CRITICAL - 2026-05-02 18:49:05 --> CodeIgniter\Filters\Exceptions\FilterException: "auth" filter must have a matching alias defined.
[Method: GET, Route: prueba-bd]
in SYSTEMPATH\Filters\Filters.php on line 590.
 1 SYSTEMPATH\Filters\Filters.php(590): CodeIgniter\Filters\Exceptions\FilterException::forNoAlias('auth')
 2 SYSTEMPATH\Filters\Filters.php(641): CodeIgniter\Filters\Filters->enableFilter('auth', 'before')
 3 SYSTEMPATH\CodeIgniter.php(453): CodeIgniter\Filters\Filters->enableFilters([...], 'before')
 4 SYSTEMPATH\CodeIgniter.php(340): CodeIgniter\CodeIgniter->handleRequest(null, Object(Config\Cache), false)
 5 SYSTEMPATH\Boot.php(417): CodeIgniter\CodeIgniter->run()
 6 SYSTEMPATH\Boot.php(68): CodeIgniter\Boot::runCodeIgniter(Object(CodeIgniter\CodeIgniter))
 7 FCPATH\index.php(59): CodeIgniter\Boot::bootWeb(Object(Config\Paths))
 8 SYSTEMPATH\rewrite.php(44): require_once('C:\\xampp\\htdocs\\pos_ci4\\public\\index.php')
CRITICAL - 2026-05-02 18:49:05 --> CodeIgniter\Filters\Exceptions\FilterException: "auth" filter must have a matching alias defined.
[Method: GET, Route: prueba-bd]
in SYSTEMPATH\Filters\Filters.php on line 590.
 1 SYSTEMPATH\Filters\Filters.php(590): CodeIgniter\Filters\Exceptions\FilterException::forNoAlias('auth')
 2 SYSTEMPATH\Filters\Filters.php(641): CodeIgniter\Filters\Filters->enableFilter('auth', 'before')
 3 SYSTEMPATH\CodeIgniter.php(453): CodeIgniter\Filters\Filters->enableFilters([...], 'before')
 4 SYSTEMPATH\CodeIgniter.php(340): CodeIgniter\CodeIgniter->handleRequest(null, Object(Config\Cache), false)
 5 SYSTEMPATH\Boot.php(417): CodeIgniter\CodeIgniter->run()
 6 SYSTEMPATH\Boot.php(68): CodeIgniter\Boot::runCodeIgniter(Object(CodeIgniter\CodeIgniter))
 7 FCPATH\index.php(59): CodeIgniter\Boot::bootWeb(Object(Config\Paths))
 8 SYSTEMPATH\rewrite.php(44): require_once('C:\\xampp\\htdocs\\pos_ci4\\public\\index.php')
CRITICAL - 2026-05-02 18:49:06 --> CodeIgniter\Filters\Exceptions\FilterException: "auth" filter must have a matching alias defined.
[Method: GET, Route: prueba-bd]
in SYSTEMPATH\Filters\Filters.php on line 590.
 1 SYSTEMPATH\Filters\Filters.php(590): CodeIgniter\Filters\Exceptions\FilterException::forNoAlias('auth')
 2 SYSTEMPATH\Filters\Filters.php(641): CodeIgniter\Filters\Filters->enableFilter('auth', 'before')
 3 SYSTEMPATH\CodeIgniter.php(453): CodeIgniter\Filters\Filters->enableFilters([...], 'before')
 4 SYSTEMPATH\CodeIgniter.php(340): CodeIgniter\CodeIgniter->handleRequest(null, Object(Config\Cache), false)
 5 SYSTEMPATH\Boot.php(417): CodeIgniter\CodeIgniter->run()
 6 SYSTEMPATH\Boot.php(68): CodeIgniter\Boot::runCodeIgniter(Object(CodeIgniter\CodeIgniter))
 7 FCPATH\index.php(59): CodeIgniter\Boot::bootWeb(Object(Config\Paths))
 8 SYSTEMPATH\rewrite.php(44): require_once('C:\\xampp\\htdocs\\pos_ci4\\public\\index.php')
CRITICAL - 2026-05-02 18:49:06 --> CodeIgniter\Filters\Exceptions\FilterException: "auth" filter must have a matching alias defined.
[Method: GET, Route: prueba-bd]
in SYSTEMPATH\Filters\Filters.php on line 590.
 1 SYSTEMPATH\Filters\Filters.php(590): CodeIgniter\Filters\Exceptions\FilterException::forNoAlias('auth')
 2 SYSTEMPATH\Filters\Filters.php(641): CodeIgniter\Filters\Filters->enableFilter('auth', 'before')
 3 SYSTEMPATH\CodeIgniter.php(453): CodeIgniter\Filters\Filters->enableFilters([...], 'before')
 4 SYSTEMPATH\CodeIgniter.php(340): CodeIgniter\CodeIgniter->handleRequest(null, Object(Config\Cache), false)
 5 SYSTEMPATH\Boot.php(417): CodeIgniter\CodeIgniter->run()
 6 SYSTEMPATH\Boot.php(68): CodeIgniter\Boot::runCodeIgniter(Object(CodeIgniter\CodeIgniter))
 7 FCPATH\index.php(59): CodeIgniter\Boot::bootWeb(Object(Config\Paths))
 8 SYSTEMPATH\rewrite.php(44): require_once('C:\\xampp\\htdocs\\pos_ci4\\public\\index.php')
CRITICAL - 2026-05-02 18:49:06 --> CodeIgniter\Filters\Exceptions\FilterException: "auth" filter must have a matching alias defined.
[Method: GET, Route: prueba-bd]
in SYSTEMPATH\Filters\Filters.php on line 590.
 1 SYSTEMPATH\Filters\Filters.php(590): CodeIgniter\Filters\Exceptions\FilterException::forNoAlias('auth')
 2 SYSTEMPATH\Filters\Filters.php(641): CodeIgniter\Filters\Filters->enableFilter('auth', 'before')
 3 SYSTEMPATH\CodeIgniter.php(453): CodeIgniter\Filters\Filters->enableFilters([...], 'before')
 4 SYSTEMPATH\CodeIgniter.php(340): CodeIgniter\CodeIgniter->handleRequest(null, Object(Config\Cache), false)
 5 SYSTEMPATH\Boot.php(417): CodeIgniter\CodeIgniter->run()
 6 SYSTEMPATH\Boot.php(68): CodeIgniter\Boot::runCodeIgniter(Object(CodeIgniter\CodeIgniter))
 7 FCPATH\index.php(59): CodeIgniter\Boot::bootWeb(Object(Config\Paths))
 8 SYSTEMPATH\rewrite.php(44): require_once('C:\\xampp\\htdocs\\pos_ci4\\public\\index.php')
CRITICAL - 2026-05-02 18:49:06 --> CodeIgniter\Filters\Exceptions\FilterException: "auth" filter must have a matching alias defined.
[Method: GET, Route: prueba-bd]
in SYSTEMPATH\Filters\Filters.php on line 590.
 1 SYSTEMPATH\Filters\Filters.php(590): CodeIgniter\Filters\Exceptions\FilterException::forNoAlias('auth')
 2 SYSTEMPATH\Filters\Filters.php(641): CodeIgniter\Filters\Filters->enableFilter('auth', 'before')
 3 SYSTEMPATH\CodeIgniter.php(453): CodeIgniter\Filters\Filters->enableFilters([...], 'before')
 4 SYSTEMPATH\CodeIgniter.php(340): CodeIgniter\CodeIgniter->handleRequest(null, Object(Config\Cache), false)
 5 SYSTEMPATH\Boot.php(417): CodeIgniter\CodeIgniter->run()
 6 SYSTEMPATH\Boot.php(68): CodeIgniter\Boot::runCodeIgniter(Object(CodeIgniter\CodeIgniter))
 7 FCPATH\index.php(59): CodeIgniter\Boot::bootWeb(Object(Config\Paths))
 8 SYSTEMPATH\rewrite.php(44): require_once('C:\\xampp\\htdocs\\pos_ci4\\public\\index.php')
DEBUG - 2026-05-02 18:50:09 --> Session: Class initialized using 'CodeIgniter\Session\Handlers\FileHandler' driver.
CRITICAL - 2026-05-02 18:50:12 --> CodeIgniter\Filters\Exceptions\FilterException: "auth" filter must have a matching alias defined.
[Method: GET, Route: prueba-bd]
in SYSTEMPATH\Filters\Filters.php on line 590.
 1 SYSTEMPATH\Filters\Filters.php(590): CodeIgniter\Filters\Exceptions\FilterException::forNoAlias('auth')
 2 SYSTEMPATH\Filters\Filters.php(641): CodeIgniter\Filters\Filters->enableFilter('auth', 'before')
 3 SYSTEMPATH\CodeIgniter.php(453): CodeIgniter\Filters\Filters->enableFilters([...], 'before')
 4 SYSTEMPATH\CodeIgniter.php(340): CodeIgniter\CodeIgniter->handleRequest(null, Object(Config\Cache), false)
 5 SYSTEMPATH\Boot.php(417): CodeIgniter\CodeIgniter->run()
 6 SYSTEMPATH\Boot.php(68): CodeIgniter\Boot::runCodeIgniter(Object(CodeIgniter\CodeIgniter))
 7 FCPATH\index.php(59): CodeIgniter\Boot::bootWeb(Object(Config\Paths))
 8 SYSTEMPATH\rewrite.php(44): require_once('C:\\xampp\\htdocs\\pos_ci4\\public\\index.php')
DEBUG - 2026-05-02 18:50:15 --> Session: Class initialized using 'CodeIgniter\Session\Handlers\FileHandler' driver.
DEBUG - 2026-05-02 18:50:20 --> Session: Class initialized using 'CodeIgniter\Session\Handlers\FileHandler' driver.
ERROR - 2026-05-02 18:50:20 --> Error connecting to the database: mysqli_sql_exception: Access denied for user 'root'@'localhost' (using password: YES) in C:\xampp\htdocs\pos_ci4\system\Database\MySQLi\Connection.php:201
Stack trace:
#0 C:\xampp\htdocs\pos_ci4\system\Database\MySQLi\Connection.php(201): mysqli->real_connect('localhost', 'root', Object(SensitiveParameterValue), 'pos_db', 3306, '', 0)
#1 C:\xampp\htdocs\pos_ci4\system\Database\BaseConnection.php(555): CodeIgniter\Database\MySQLi\Connection->connect(false)
#2 C:\xampp\htdocs\pos_ci4\system\Database\BaseConnection.php(795): CodeIgniter\Database\BaseConnection->initialize()
#3 C:\xampp\htdocs\pos_ci4\system\Database\BaseBuilder.php(1649): CodeIgniter\Database\BaseConnection->query('SELECT *\nFROM `...', Array, false)
#4 C:\xampp\htdocs\pos_ci4\system\Model.php(295): CodeIgniter\Database\BaseBuilder->get()
#5 C:\xampp\htdocs\pos_ci4\system\BaseModel.php(714): CodeIgniter\Model->doFirst()
#6 C:\xampp\htdocs\pos_ci4\app\Controllers\Auth.php(21): CodeIgniter\BaseModel->first()
#7 C:\xampp\htdocs\pos_ci4\system\CodeIgniter.php(951): App\Controllers\Auth->authenticate()
#8 C:\xampp\htdocs\pos_ci4\system\CodeIgniter.php(497): CodeIgniter\CodeIgniter->runController(Object(App\Controllers\Auth))
#9 C:\xampp\htdocs\pos_ci4\system\CodeIgniter.php(340): CodeIgniter\CodeIgniter->handleRequest(NULL, Object(Config\Cache), false)
#10 C:\xampp\htdocs\pos_ci4\system\Boot.php(417): CodeIgniter\CodeIgniter->run()
#11 C:\xampp\htdocs\pos_ci4\system\Boot.php(68): CodeIgniter\Boot::runCodeIgniter(Object(CodeIgniter\CodeIgniter))
#12 C:\xampp\htdocs\pos_ci4\public\index.php(59): CodeIgniter\Boot::bootWeb(Object(Config\Paths))
#13 C:\xampp\htdocs\pos_ci4\system\rewrite.php(44): require_once('C:\\xampp\\htdocs...')
#14 {main}

Next CodeIgniter\Database\Exceptions\DatabaseException: Access denied for user '****'@'localhost' (using password: YES) in C:\xampp\htdocs\pos_ci4\system\Database\MySQLi\Connection.php:231
Stack trace:
#0 C:\xampp\htdocs\pos_ci4\system\Database\BaseConnection.php(555): CodeIgniter\Database\MySQLi\Connection->connect(false)
#1 C:\xampp\htdocs\pos_ci4\system\Database\BaseConnection.php(795): CodeIgniter\Database\BaseConnection->initialize()
#2 C:\xampp\htdocs\pos_ci4\system\Database\BaseBuilder.php(1649): CodeIgniter\Database\BaseConnection->query('SELECT *\nFROM `...', Array, false)
#3 C:\xampp\htdocs\pos_ci4\system\Model.php(295): CodeIgniter\Database\BaseBuilder->get()
#4 C:\xampp\htdocs\pos_ci4\system\BaseModel.php(714): CodeIgniter\Model->doFirst()
#5 C:\xampp\htdocs\pos_ci4\app\Controllers\Auth.php(21): CodeIgniter\BaseModel->first()
#6 C:\xampp\htdocs\pos_ci4\system\CodeIgniter.php(951): App\Controllers\Auth->authenticate()
#7 C:\xampp\htdocs\pos_ci4\system\CodeIgniter.php(497): CodeIgniter\CodeIgniter->runController(Object(App\Controllers\Auth))
#8 C:\xampp\htdocs\pos_ci4\system\CodeIgniter.php(340): CodeIgniter\CodeIgniter->handleRequest(NULL, Object(Config\Cache), false)
#9 C:\xampp\htdocs\pos_ci4\system\Boot.php(417): CodeIgniter\CodeIgniter->run()
#10 C:\xampp\htdocs\pos_ci4\system\Boot.php(68): CodeIgniter\Boot::runCodeIgniter(Object(CodeIgniter\CodeIgniter))
#11 C:\xampp\htdocs\pos_ci4\public\index.php(59): CodeIgniter\Boot::bootWeb(Object(Config\Paths))
#12 C:\xampp\htdocs\pos_ci4\system\rewrite.php(44): require_once('C:\\xampp\\htdocs...')
#13 {main}
CRITICAL - 2026-05-02 18:50:20 --> CodeIgniter\Database\Exceptions\DatabaseException: Unable to connect to the database.
Main connection [MySQLi]: Access denied for user '****'@'localhost' (using password: YES)
[Method: POST, Route: auth/authenticate]
in SYSTEMPATH\Database\BaseConnection.php on line 606.
 1 SYSTEMPATH\Database\BaseConnection.php(795): CodeIgniter\Database\BaseConnection->initialize()
 2 SYSTEMPATH\Database\BaseBuilder.php(1649): CodeIgniter\Database\BaseConnection->query('SELECT *
FROM `users`
WHERE `username` = :username:
 LIMIT 1', [...], false)
 3 SYSTEMPATH\Model.php(295): CodeIgniter\Database\BaseBuilder->get()
 4 SYSTEMPATH\BaseModel.php(714): CodeIgniter\Model->doFirst()
 5 APPPATH\Controllers\Auth.php(21): CodeIgniter\BaseModel->first()
 6 SYSTEMPATH\CodeIgniter.php(951): App\Controllers\Auth->authenticate()
 7 SYSTEMPATH\CodeIgniter.php(497): CodeIgniter\CodeIgniter->runController(Object(App\Controllers\Auth))
 8 SYSTEMPATH\CodeIgniter.php(340): CodeIgniter\CodeIgniter->handleRequest(null, Object(Config\Cache), false)
 9 SYSTEMPATH\Boot.php(417): CodeIgniter\CodeIgniter->run()
10 SYSTEMPATH\Boot.php(68): CodeIgniter\Boot::runCodeIgniter(Object(CodeIgniter\CodeIgniter))
11 FCPATH\index.php(59): CodeIgniter\Boot::bootWeb(Object(Config\Paths))
12 SYSTEMPATH\rewrite.php(44): require_once('C:\\xampp\\htdocs\\pos_ci4\\public\\index.php')
DEBUG - 2026-05-02 18:50:50 --> Session: Class initialized using 'CodeIgniter\Session\Handlers\FileHandler' driver.
DEBUG - 2026-05-02 18:50:51 --> Session: Class initialized using 'CodeIgniter\Session\Handlers\FileHandler' driver.
DEBUG - 2026-05-02 18:50:56 --> Session: Class initialized using 'CodeIgniter\Session\Handlers\FileHandler' driver.
ERROR - 2026-05-02 18:50:56 --> Error connecting to the database: mysqli_sql_exception: Access denied for user 'root'@'localhost' (using password: YES) in C:\xampp\htdocs\pos_ci4\system\Database\MySQLi\Connection.php:201
Stack trace:
#0 C:\xampp\htdocs\pos_ci4\system\Database\MySQLi\Connection.php(201): mysqli->real_connect('localhost', 'root', Object(SensitiveParameterValue), 'pos_db', 3306, '', 0)
#1 C:\xampp\htdocs\pos_ci4\system\Database\BaseConnection.php(555): CodeIgniter\Database\MySQLi\Connection->connect(false)
#2 C:\xampp\htdocs\pos_ci4\system\Database\BaseConnection.php(795): CodeIgniter\Database\BaseConnection->initialize()
#3 C:\xampp\htdocs\pos_ci4\system\Database\BaseBuilder.php(1649): CodeIgniter\Database\BaseConnection->query('SELECT *\nFROM `...', Array, false)
#4 C:\xampp\htdocs\pos_ci4\system\Model.php(295): CodeIgniter\Database\BaseBuilder->get()
#5 C:\xampp\htdocs\pos_ci4\system\BaseModel.php(714): CodeIgniter\Model->doFirst()
#6 C:\xampp\htdocs\pos_ci4\app\Controllers\Auth.php(21): CodeIgniter\BaseModel->first()
#7 C:\xampp\htdocs\pos_ci4\system\CodeIgniter.php(951): App\Controllers\Auth->authenticate()
#8 C:\xampp\htdocs\pos_ci4\system\CodeIgniter.php(497): CodeIgniter\CodeIgniter->runController(Object(App\Controllers\Auth))
#9 C:\xampp\htdocs\pos_ci4\system\CodeIgniter.php(340): CodeIgniter\CodeIgniter->handleRequest(NULL, Object(Config\Cache), false)
#10 C:\xampp\htdocs\pos_ci4\system\Boot.php(417): CodeIgniter\CodeIgniter->run()
#11 C:\xampp\htdocs\pos_ci4\system\Boot.php(68): CodeIgniter\Boot::runCodeIgniter(Object(CodeIgniter\CodeIgniter))
#12 C:\xampp\htdocs\pos_ci4\public\index.php(59): CodeIgniter\Boot::bootWeb(Object(Config\Paths))
#13 C:\xampp\htdocs\pos_ci4\system\rewrite.php(44): require_once('C:\\xampp\\htdocs...')
#14 {main}

Next CodeIgniter\Database\Exceptions\DatabaseException: Access denied for user '****'@'localhost' (using password: YES) in C:\xampp\htdocs\pos_ci4\system\Database\MySQLi\Connection.php:231
Stack trace:
#0 C:\xampp\htdocs\pos_ci4\system\Database\BaseConnection.php(555): CodeIgniter\Database\MySQLi\Connection->connect(false)
#1 C:\xampp\htdocs\pos_ci4\system\Database\BaseConnection.php(795): CodeIgniter\Database\BaseConnection->initialize()
#2 C:\xampp\htdocs\pos_ci4\system\Database\BaseBuilder.php(1649): CodeIgniter\Database\BaseConnection->query('SELECT *\nFROM `...', Array, false)
#3 C:\xampp\htdocs\pos_ci4\system\Model.php(295): CodeIgniter\Database\BaseBuilder->get()
#4 C:\xampp\htdocs\pos_ci4\system\BaseModel.php(714): CodeIgniter\Model->doFirst()
#5 C:\xampp\htdocs\pos_ci4\app\Controllers\Auth.php(21): CodeIgniter\BaseModel->first()
#6 C:\xampp\htdocs\pos_ci4\system\CodeIgniter.php(951): App\Controllers\Auth->authenticate()
#7 C:\xampp\htdocs\pos_ci4\system\CodeIgniter.php(497): CodeIgniter\CodeIgniter->runController(Object(App\Controllers\Auth))
#8 C:\xampp\htdocs\pos_ci4\system\CodeIgniter.php(340): CodeIgniter\CodeIgniter->handleRequest(NULL, Object(Config\Cache), false)
#9 C:\xampp\htdocs\pos_ci4\system\Boot.php(417): CodeIgniter\CodeIgniter->run()
#10 C:\xampp\htdocs\pos_ci4\system\Boot.php(68): CodeIgniter\Boot::runCodeIgniter(Object(CodeIgniter\CodeIgniter))
#11 C:\xampp\htdocs\pos_ci4\public\index.php(59): CodeIgniter\Boot::bootWeb(Object(Config\Paths))
#12 C:\xampp\htdocs\pos_ci4\system\rewrite.php(44): require_once('C:\\xampp\\htdocs...')
#13 {main}
CRITICAL - 2026-05-02 18:50:56 --> CodeIgniter\Database\Exceptions\DatabaseException: Unable to connect to the database.
Main connection [MySQLi]: Access denied for user '****'@'localhost' (using password: YES)
[Method: POST, Route: auth/authenticate]
in SYSTEMPATH\Database\BaseConnection.php on line 606.
 1 SYSTEMPATH\Database\BaseConnection.php(795): CodeIgniter\Database\BaseConnection->initialize()
 2 SYSTEMPATH\Database\BaseBuilder.php(1649): CodeIgniter\Database\BaseConnection->query('SELECT *
FROM `users`
WHERE `username` = :username:
 LIMIT 1', [...], false)
 3 SYSTEMPATH\Model.php(295): CodeIgniter\Database\BaseBuilder->get()
 4 SYSTEMPATH\BaseModel.php(714): CodeIgniter\Model->doFirst()
 5 APPPATH\Controllers\Auth.php(21): CodeIgniter\BaseModel->first()
 6 SYSTEMPATH\CodeIgniter.php(951): App\Controllers\Auth->authenticate()
 7 SYSTEMPATH\CodeIgniter.php(497): CodeIgniter\CodeIgniter->runController(Object(App\Controllers\Auth))
 8 SYSTEMPATH\CodeIgniter.php(340): CodeIgniter\CodeIgniter->handleRequest(null, Object(Config\Cache), false)
 9 SYSTEMPATH\Boot.php(417): CodeIgniter\CodeIgniter->run()
10 SYSTEMPATH\Boot.php(68): CodeIgniter\Boot::runCodeIgniter(Object(CodeIgniter\CodeIgniter))
11 FCPATH\index.php(59): CodeIgniter\Boot::bootWeb(Object(Config\Paths))
12 SYSTEMPATH\rewrite.php(44): require_once('C:\\xampp\\htdocs\\pos_ci4\\public\\index.php')
DEBUG - 2026-05-02 18:51:41 --> Session: Class initialized using 'CodeIgniter\Session\Handlers\FileHandler' driver.
ERROR - 2026-05-02 18:51:41 --> Error connecting to the database: mysqli_sql_exception: Access denied for user 'root'@'localhost' (using password: YES) in C:\xampp\htdocs\pos_ci4\system\Database\MySQLi\Connection.php:201
Stack trace:
#0 C:\xampp\htdocs\pos_ci4\system\Database\MySQLi\Connection.php(201): mysqli->real_connect('localhost', 'root', Object(SensitiveParameterValue), 'pos_db', 3306, '', 0)
#1 C:\xampp\htdocs\pos_ci4\system\Database\BaseConnection.php(555): CodeIgniter\Database\MySQLi\Connection->connect(false)
#2 C:\xampp\htdocs\pos_ci4\system\Database\BaseConnection.php(795): CodeIgniter\Database\BaseConnection->initialize()
#3 C:\xampp\htdocs\pos_ci4\system\Database\BaseBuilder.php(1649): CodeIgniter\Database\BaseConnection->query('SELECT *\nFROM `...', Array, false)
#4 C:\xampp\htdocs\pos_ci4\system\Model.php(295): CodeIgniter\Database\BaseBuilder->get()
#5 C:\xampp\htdocs\pos_ci4\system\BaseModel.php(714): CodeIgniter\Model->doFirst()
#6 C:\xampp\htdocs\pos_ci4\app\Controllers\Auth.php(21): CodeIgniter\BaseModel->first()
#7 C:\xampp\htdocs\pos_ci4\system\CodeIgniter.php(951): App\Controllers\Auth->authenticate()
#8 C:\xampp\htdocs\pos_ci4\system\CodeIgniter.php(497): CodeIgniter\CodeIgniter->runController(Object(App\Controllers\Auth))
#9 C:\xampp\htdocs\pos_ci4\system\CodeIgniter.php(340): CodeIgniter\CodeIgniter->handleRequest(NULL, Object(Config\Cache), false)
#10 C:\xampp\htdocs\pos_ci4\system\Boot.php(417): CodeIgniter\CodeIgniter->run()
#11 C:\xampp\htdocs\pos_ci4\system\Boot.php(68): CodeIgniter\Boot::runCodeIgniter(Object(CodeIgniter\CodeIgniter))
#12 C:\xampp\htdocs\pos_ci4\public\index.php(59): CodeIgniter\Boot::bootWeb(Object(Config\Paths))
#13 C:\xampp\htdocs\pos_ci4\system\rewrite.php(44): require_once('C:\\xampp\\htdocs...')
#14 {main}

Next CodeIgniter\Database\Exceptions\DatabaseException: Access denied for user '****'@'localhost' (using password: YES) in C:\xampp\htdocs\pos_ci4\system\Database\MySQLi\Connection.php:231
Stack trace:
#0 C:\xampp\htdocs\pos_ci4\system\Database\BaseConnection.php(555): CodeIgniter\Database\MySQLi\Connection->connect(false)
#1 C:\xampp\htdocs\pos_ci4\system\Database\BaseConnection.php(795): CodeIgniter\Database\BaseConnection->initialize()
#2 C:\xampp\htdocs\pos_ci4\system\Database\BaseBuilder.php(1649): CodeIgniter\Database\BaseConnection->query('SELECT *\nFROM `...', Array, false)
#3 C:\xampp\htdocs\pos_ci4\system\Model.php(295): CodeIgniter\Database\BaseBuilder->get()
#4 C:\xampp\htdocs\pos_ci4\system\BaseModel.php(714): CodeIgniter\Model->doFirst()
#5 C:\xampp\htdocs\pos_ci4\app\Controllers\Auth.php(21): CodeIgniter\BaseModel->first()
#6 C:\xampp\htdocs\pos_ci4\system\CodeIgniter.php(951): App\Controllers\Auth->authenticate()
#7 C:\xampp\htdocs\pos_ci4\system\CodeIgniter.php(497): CodeIgniter\CodeIgniter->runController(Object(App\Controllers\Auth))
#8 C:\xampp\htdocs\pos_ci4\system\CodeIgniter.php(340): CodeIgniter\CodeIgniter->handleRequest(NULL, Object(Config\Cache), false)
#9 C:\xampp\htdocs\pos_ci4\system\Boot.php(417): CodeIgniter\CodeIgniter->run()
#10 C:\xampp\htdocs\pos_ci4\system\Boot.php(68): CodeIgniter\Boot::runCodeIgniter(Object(CodeIgniter\CodeIgniter))
#11 C:\xampp\htdocs\pos_ci4\public\index.php(59): CodeIgniter\Boot::bootWeb(Object(Config\Paths))
#12 C:\xampp\htdocs\pos_ci4\system\rewrite.php(44): require_once('C:\\xampp\\htdocs...')
#13 {main}
CRITICAL - 2026-05-02 18:51:41 --> CodeIgniter\Database\Exceptions\DatabaseException: Unable to connect to the database.
Main connection [MySQLi]: Access denied for user '****'@'localhost' (using password: YES)
[Method: POST, Route: auth/authenticate]
in SYSTEMPATH\Database\BaseConnection.php on line 606.
 1 SYSTEMPATH\Database\BaseConnection.php(795): CodeIgniter\Database\BaseConnection->initialize()
 2 SYSTEMPATH\Database\BaseBuilder.php(1649): CodeIgniter\Database\BaseConnection->query('SELECT *
FROM `users`
WHERE `username` = :username:
 LIMIT 1', [...], false)
 3 SYSTEMPATH\Model.php(295): CodeIgniter\Database\BaseBuilder->get()
 4 SYSTEMPATH\BaseModel.php(714): CodeIgniter\Model->doFirst()
 5 APPPATH\Controllers\Auth.php(21): CodeIgniter\BaseModel->first()
 6 SYSTEMPATH\CodeIgniter.php(951): App\Controllers\Auth->authenticate()
 7 SYSTEMPATH\CodeIgniter.php(497): CodeIgniter\CodeIgniter->runController(Object(App\Controllers\Auth))
 8 SYSTEMPATH\CodeIgniter.php(340): CodeIgniter\CodeIgniter->handleRequest(null, Object(Config\Cache), false)
 9 SYSTEMPATH\Boot.php(417): CodeIgniter\CodeIgniter->run()
10 SYSTEMPATH\Boot.php(68): CodeIgniter\Boot::runCodeIgniter(Object(CodeIgniter\CodeIgniter))
11 FCPATH\index.php(59): CodeIgniter\Boot::bootWeb(Object(Config\Paths))
12 SYSTEMPATH\rewrite.php(44): require_once('C:\\xampp\\htdocs\\pos_ci4\\public\\index.php')
DEBUG - 2026-05-02 18:51:45 --> Session: Class initialized using 'CodeIgniter\Session\Handlers\FileHandler' driver.
ERROR - 2026-05-02 18:51:45 --> Error connecting to the database: mysqli_sql_exception: Access denied for user 'root'@'localhost' (using password: YES) in C:\xampp\htdocs\pos_ci4\system\Database\MySQLi\Connection.php:201
Stack trace:
#0 C:\xampp\htdocs\pos_ci4\system\Database\MySQLi\Connection.php(201): mysqli->real_connect('localhost', 'root', Object(SensitiveParameterValue), 'pos_db', 3306, '', 0)
#1 C:\xampp\htdocs\pos_ci4\system\Database\BaseConnection.php(555): CodeIgniter\Database\MySQLi\Connection->connect(false)
#2 C:\xampp\htdocs\pos_ci4\system\Database\BaseConnection.php(795): CodeIgniter\Database\BaseConnection->initialize()
#3 C:\xampp\htdocs\pos_ci4\system\Database\BaseBuilder.php(1649): CodeIgniter\Database\BaseConnection->query('SELECT *\nFROM `...', Array, false)
#4 C:\xampp\htdocs\pos_ci4\system\Model.php(295): CodeIgniter\Database\BaseBuilder->get()
#5 C:\xampp\htdocs\pos_ci4\system\BaseModel.php(714): CodeIgniter\Model->doFirst()
#6 C:\xampp\htdocs\pos_ci4\app\Controllers\Auth.php(21): CodeIgniter\BaseModel->first()
#7 C:\xampp\htdocs\pos_ci4\system\CodeIgniter.php(951): App\Controllers\Auth->authenticate()
#8 C:\xampp\htdocs\pos_ci4\system\CodeIgniter.php(497): CodeIgniter\CodeIgniter->runController(Object(App\Controllers\Auth))
#9 C:\xampp\htdocs\pos_ci4\system\CodeIgniter.php(340): CodeIgniter\CodeIgniter->handleRequest(NULL, Object(Config\Cache), false)
#10 C:\xampp\htdocs\pos_ci4\system\Boot.php(417): CodeIgniter\CodeIgniter->run()
#11 C:\xampp\htdocs\pos_ci4\system\Boot.php(68): CodeIgniter\Boot::runCodeIgniter(Object(CodeIgniter\CodeIgniter))
#12 C:\xampp\htdocs\pos_ci4\public\index.php(59): CodeIgniter\Boot::bootWeb(Object(Config\Paths))
#13 C:\xampp\htdocs\pos_ci4\system\rewrite.php(44): require_once('C:\\xampp\\htdocs...')
#14 {main}

Next CodeIgniter\Database\Exceptions\DatabaseException: Access denied for user '****'@'localhost' (using password: YES) in C:\xampp\htdocs\pos_ci4\system\Database\MySQLi\Connection.php:231
Stack trace:
#0 C:\xampp\htdocs\pos_ci4\system\Database\BaseConnection.php(555): CodeIgniter\Database\MySQLi\Connection->connect(false)
#1 C:\xampp\htdocs\pos_ci4\system\Database\BaseConnection.php(795): CodeIgniter\Database\BaseConnection->initialize()
#2 C:\xampp\htdocs\pos_ci4\system\Database\BaseBuilder.php(1649): CodeIgniter\Database\BaseConnection->query('SELECT *\nFROM `...', Array, false)
#3 C:\xampp\htdocs\pos_ci4\system\Model.php(295): CodeIgniter\Database\BaseBuilder->get()
#4 C:\xampp\htdocs\pos_ci4\system\BaseModel.php(714): CodeIgniter\Model->doFirst()
#5 C:\xampp\htdocs\pos_ci4\app\Controllers\Auth.php(21): CodeIgniter\BaseModel->first()
#6 C:\xampp\htdocs\pos_ci4\system\CodeIgniter.php(951): App\Controllers\Auth->authenticate()
#7 C:\xampp\htdocs\pos_ci4\system\CodeIgniter.php(497): CodeIgniter\CodeIgniter->runController(Object(App\Controllers\Auth))
#8 C:\xampp\htdocs\pos_ci4\system\CodeIgniter.php(340): CodeIgniter\CodeIgniter->handleRequest(NULL, Object(Config\Cache), false)
#9 C:\xampp\htdocs\pos_ci4\system\Boot.php(417): CodeIgniter\CodeIgniter->run()
#10 C:\xampp\htdocs\pos_ci4\system\Boot.php(68): CodeIgniter\Boot::runCodeIgniter(Object(CodeIgniter\CodeIgniter))
#11 C:\xampp\htdocs\pos_ci4\public\index.php(59): CodeIgniter\Boot::bootWeb(Object(Config\Paths))
#12 C:\xampp\htdocs\pos_ci4\system\rewrite.php(44): require_once('C:\\xampp\\htdocs...')
#13 {main}
CRITICAL - 2026-05-02 18:51:45 --> CodeIgniter\Database\Exceptions\DatabaseException: Unable to connect to the database.
Main connection [MySQLi]: Access denied for user '****'@'localhost' (using password: YES)
[Method: POST, Route: auth/authenticate]
in SYSTEMPATH\Database\BaseConnection.php on line 606.
 1 SYSTEMPATH\Database\BaseConnection.php(795): CodeIgniter\Database\BaseConnection->initialize()
 2 SYSTEMPATH\Database\BaseBuilder.php(1649): CodeIgniter\Database\BaseConnection->query('SELECT *
FROM `users`
WHERE `username` = :username:
 LIMIT 1', [...], false)
 3 SYSTEMPATH\Model.php(295): CodeIgniter\Database\BaseBuilder->get()
 4 SYSTEMPATH\BaseModel.php(714): CodeIgniter\Model->doFirst()
 5 APPPATH\Controllers\Auth.php(21): CodeIgniter\BaseModel->first()
 6 SYSTEMPATH\CodeIgniter.php(951): App\Controllers\Auth->authenticate()
 7 SYSTEMPATH\CodeIgniter.php(497): CodeIgniter\CodeIgniter->runController(Object(App\Controllers\Auth))
 8 SYSTEMPATH\CodeIgniter.php(340): CodeIgniter\CodeIgniter->handleRequest(null, Object(Config\Cache), false)
 9 SYSTEMPATH\Boot.php(417): CodeIgniter\CodeIgniter->run()
10 SYSTEMPATH\Boot.php(68): CodeIgniter\Boot::runCodeIgniter(Object(CodeIgniter\CodeIgniter))
11 FCPATH\index.php(59): CodeIgniter\Boot::bootWeb(Object(Config\Paths))
12 SYSTEMPATH\rewrite.php(44): require_once('C:\\xampp\\htdocs\\pos_ci4\\public\\index.php')
DEBUG - 2026-05-02 18:54:21 --> Session: Class initialized using 'CodeIgniter\Session\Handlers\FileHandler' driver.
ERROR - 2026-05-02 18:54:21 --> Error connecting to the database: mysqli_sql_exception: Access denied for user 'root'@'localhost' (using password: YES) in C:\xampp\htdocs\pos_ci4\system\Database\MySQLi\Connection.php:201
Stack trace:
#0 C:\xampp\htdocs\pos_ci4\system\Database\MySQLi\Connection.php(201): mysqli->real_connect('localhost', 'root', Object(SensitiveParameterValue), 'pos_db', 3306, '', 0)
#1 C:\xampp\htdocs\pos_ci4\system\Database\BaseConnection.php(555): CodeIgniter\Database\MySQLi\Connection->connect(false)
#2 C:\xampp\htdocs\pos_ci4\system\Database\BaseConnection.php(795): CodeIgniter\Database\BaseConnection->initialize()
#3 C:\xampp\htdocs\pos_ci4\system\Database\BaseBuilder.php(1649): CodeIgniter\Database\BaseConnection->query('SELECT *\nFROM `...', Array, false)
#4 C:\xampp\htdocs\pos_ci4\system\Model.php(295): CodeIgniter\Database\BaseBuilder->get()
#5 C:\xampp\htdocs\pos_ci4\system\BaseModel.php(714): CodeIgniter\Model->doFirst()
#6 C:\xampp\htdocs\pos_ci4\app\Controllers\Auth.php(21): CodeIgniter\BaseModel->first()
#7 C:\xampp\htdocs\pos_ci4\system\CodeIgniter.php(951): App\Controllers\Auth->authenticate()
#8 C:\xampp\htdocs\pos_ci4\system\CodeIgniter.php(497): CodeIgniter\CodeIgniter->runController(Object(App\Controllers\Auth))
#9 C:\xampp\htdocs\pos_ci4\system\CodeIgniter.php(340): CodeIgniter\CodeIgniter->handleRequest(NULL, Object(Config\Cache), false)
#10 C:\xampp\htdocs\pos_ci4\system\Boot.php(417): CodeIgniter\CodeIgniter->run()
#11 C:\xampp\htdocs\pos_ci4\system\Boot.php(68): CodeIgniter\Boot::runCodeIgniter(Object(CodeIgniter\CodeIgniter))
#12 C:\xampp\htdocs\pos_ci4\public\index.php(59): CodeIgniter\Boot::bootWeb(Object(Config\Paths))
#13 C:\xampp\htdocs\pos_ci4\system\rewrite.php(44): require_once('C:\\xampp\\htdocs...')
#14 {main}

Next CodeIgniter\Database\Exceptions\DatabaseException: Access denied for user '****'@'localhost' (using password: YES) in C:\xampp\htdocs\pos_ci4\system\Database\MySQLi\Connection.php:231
Stack trace:
#0 C:\xampp\htdocs\pos_ci4\system\Database\BaseConnection.php(555): CodeIgniter\Database\MySQLi\Connection->connect(false)
#1 C:\xampp\htdocs\pos_ci4\system\Database\BaseConnection.php(795): CodeIgniter\Database\BaseConnection->initialize()
#2 C:\xampp\htdocs\pos_ci4\system\Database\BaseBuilder.php(1649): CodeIgniter\Database\BaseConnection->query('SELECT *\nFROM `...', Array, false)
#3 C:\xampp\htdocs\pos_ci4\system\Model.php(295): CodeIgniter\Database\BaseBuilder->get()
#4 C:\xampp\htdocs\pos_ci4\system\BaseModel.php(714): CodeIgniter\Model->doFirst()
#5 C:\xampp\htdocs\pos_ci4\app\Controllers\Auth.php(21): CodeIgniter\BaseModel->first()
#6 C:\xampp\htdocs\pos_ci4\system\CodeIgniter.php(951): App\Controllers\Auth->authenticate()
#7 C:\xampp\htdocs\pos_ci4\system\CodeIgniter.php(497): CodeIgniter\CodeIgniter->runController(Object(App\Controllers\Auth))
#8 C:\xampp\htdocs\pos_ci4\system\CodeIgniter.php(340): CodeIgniter\CodeIgniter->handleRequest(NULL, Object(Config\Cache), false)
#9 C:\xampp\htdocs\pos_ci4\system\Boot.php(417): CodeIgniter\CodeIgniter->run()
#10 C:\xampp\htdocs\pos_ci4\system\Boot.php(68): CodeIgniter\Boot::runCodeIgniter(Object(CodeIgniter\CodeIgniter))
#11 C:\xampp\htdocs\pos_ci4\public\index.php(59): CodeIgniter\Boot::bootWeb(Object(Config\Paths))
#12 C:\xampp\htdocs\pos_ci4\system\rewrite.php(44): require_once('C:\\xampp\\htdocs...')
#13 {main}
CRITICAL - 2026-05-02 18:54:21 --> CodeIgniter\Database\Exceptions\DatabaseException: Unable to connect to the database.
Main connection [MySQLi]: Access denied for user '****'@'localhost' (using password: YES)
[Method: POST, Route: auth/authenticate]
in SYSTEMPATH\Database\BaseConnection.php on line 606.
 1 SYSTEMPATH\Database\BaseConnection.php(795): CodeIgniter\Database\BaseConnection->initialize()
 2 SYSTEMPATH\Database\BaseBuilder.php(1649): CodeIgniter\Database\BaseConnection->query('SELECT *
FROM `users`
WHERE `username` = :username:
 LIMIT 1', [...], false)
 3 SYSTEMPATH\Model.php(295): CodeIgniter\Database\BaseBuilder->get()
 4 SYSTEMPATH\BaseModel.php(714): CodeIgniter\Model->doFirst()
 5 APPPATH\Controllers\Auth.php(21): CodeIgniter\BaseModel->first()
 6 SYSTEMPATH\CodeIgniter.php(951): App\Controllers\Auth->authenticate()
 7 SYSTEMPATH\CodeIgniter.php(497): CodeIgniter\CodeIgniter->runController(Object(App\Controllers\Auth))
 8 SYSTEMPATH\CodeIgniter.php(340): CodeIgniter\CodeIgniter->handleRequest(null, Object(Config\Cache), false)
 9 SYSTEMPATH\Boot.php(417): CodeIgniter\CodeIgniter->run()
10 SYSTEMPATH\Boot.php(68): CodeIgniter\Boot::runCodeIgniter(Object(CodeIgniter\CodeIgniter))
11 FCPATH\index.php(59): CodeIgniter\Boot::bootWeb(Object(Config\Paths))
12 SYSTEMPATH\rewrite.php(44): require_once('C:\\xampp\\htdocs\\pos_ci4\\public\\index.php')
DEBUG - 2026-05-02 18:55:22 --> Session: Class initialized using 'CodeIgniter\Session\Handlers\FileHandler' driver.
ERROR - 2026-05-02 18:55:22 --> Error connecting to the database: mysqli_sql_exception: Access denied for user 'root'@'localhost' (using password: YES) in C:\xampp\htdocs\pos_ci4\system\Database\MySQLi\Connection.php:201
Stack trace:
#0 C:\xampp\htdocs\pos_ci4\system\Database\MySQLi\Connection.php(201): mysqli->real_connect('localhost', 'root', Object(SensitiveParameterValue), 'pos_db', 3306, '', 0)
#1 C:\xampp\htdocs\pos_ci4\system\Database\BaseConnection.php(555): CodeIgniter\Database\MySQLi\Connection->connect(false)
#2 C:\xampp\htdocs\pos_ci4\system\Database\BaseConnection.php(795): CodeIgniter\Database\BaseConnection->initialize()
#3 C:\xampp\htdocs\pos_ci4\system\Database\BaseBuilder.php(1649): CodeIgniter\Database\BaseConnection->query('SELECT *\nFROM `...', Array, false)
#4 C:\xampp\htdocs\pos_ci4\system\Model.php(295): CodeIgniter\Database\BaseBuilder->get()
#5 C:\xampp\htdocs\pos_ci4\system\BaseModel.php(714): CodeIgniter\Model->doFirst()
#6 C:\xampp\htdocs\pos_ci4\app\Controllers\Auth.php(21): CodeIgniter\BaseModel->first()
#7 C:\xampp\htdocs\pos_ci4\system\CodeIgniter.php(951): App\Controllers\Auth->authenticate()
#8 C:\xampp\htdocs\pos_ci4\system\CodeIgniter.php(497): CodeIgniter\CodeIgniter->runController(Object(App\Controllers\Auth))
#9 C:\xampp\htdocs\pos_ci4\system\CodeIgniter.php(340): CodeIgniter\CodeIgniter->handleRequest(NULL, Object(Config\Cache), false)
#10 C:\xampp\htdocs\pos_ci4\system\Boot.php(417): CodeIgniter\CodeIgniter->run()
#11 C:\xampp\htdocs\pos_ci4\system\Boot.php(68): CodeIgniter\Boot::runCodeIgniter(Object(CodeIgniter\CodeIgniter))
#12 C:\xampp\htdocs\pos_ci4\public\index.php(59): CodeIgniter\Boot::bootWeb(Object(Config\Paths))
#13 C:\xampp\htdocs\pos_ci4\system\rewrite.php(44): require_once('C:\\xampp\\htdocs...')
#14 {main}

Next CodeIgniter\Database\Exceptions\DatabaseException: Access denied for user '****'@'localhost' (using password: YES) in C:\xampp\htdocs\pos_ci4\system\Database\MySQLi\Connection.php:231
Stack trace:
#0 C:\xampp\htdocs\pos_ci4\system\Database\BaseConnection.php(555): CodeIgniter\Database\MySQLi\Connection->connect(false)
#1 C:\xampp\htdocs\pos_ci4\system\Database\BaseConnection.php(795): CodeIgniter\Database\BaseConnection->initialize()
#2 C:\xampp\htdocs\pos_ci4\system\Database\BaseBuilder.php(1649): CodeIgniter\Database\BaseConnection->query('SELECT *\nFROM `...', Array, false)
#3 C:\xampp\htdocs\pos_ci4\system\Model.php(295): CodeIgniter\Database\BaseBuilder->get()
#4 C:\xampp\htdocs\pos_ci4\system\BaseModel.php(714): CodeIgniter\Model->doFirst()
#5 C:\xampp\htdocs\pos_ci4\app\Controllers\Auth.php(21): CodeIgniter\BaseModel->first()
#6 C:\xampp\htdocs\pos_ci4\system\CodeIgniter.php(951): App\Controllers\Auth->authenticate()
#7 C:\xampp\htdocs\pos_ci4\system\CodeIgniter.php(497): CodeIgniter\CodeIgniter->runController(Object(App\Controllers\Auth))
#8 C:\xampp\htdocs\pos_ci4\system\CodeIgniter.php(340): CodeIgniter\CodeIgniter->handleRequest(NULL, Object(Config\Cache), false)
#9 C:\xampp\htdocs\pos_ci4\system\Boot.php(417): CodeIgniter\CodeIgniter->run()
#10 C:\xampp\htdocs\pos_ci4\system\Boot.php(68): CodeIgniter\Boot::runCodeIgniter(Object(CodeIgniter\CodeIgniter))
#11 C:\xampp\htdocs\pos_ci4\public\index.php(59): CodeIgniter\Boot::bootWeb(Object(Config\Paths))
#12 C:\xampp\htdocs\pos_ci4\system\rewrite.php(44): require_once('C:\\xampp\\htdocs...')
#13 {main}
CRITICAL - 2026-05-02 18:55:22 --> CodeIgniter\Database\Exceptions\DatabaseException: Unable to connect to the database.
Main connection [MySQLi]: Access denied for user '****'@'localhost' (using password: YES)
[Method: POST, Route: auth/authenticate]
in SYSTEMPATH\Database\BaseConnection.php on line 606.
 1 SYSTEMPATH\Database\BaseConnection.php(795): CodeIgniter\Database\BaseConnection->initialize()
 2 SYSTEMPATH\Database\BaseBuilder.php(1649): CodeIgniter\Database\BaseConnection->query('SELECT *
FROM `users`
WHERE `username` = :username:
 LIMIT 1', [...], false)
 3 SYSTEMPATH\Model.php(295): CodeIgniter\Database\BaseBuilder->get()
 4 SYSTEMPATH\BaseModel.php(714): CodeIgniter\Model->doFirst()
 5 APPPATH\Controllers\Auth.php(21): CodeIgniter\BaseModel->first()
 6 SYSTEMPATH\CodeIgniter.php(951): App\Controllers\Auth->authenticate()
 7 SYSTEMPATH\CodeIgniter.php(497): CodeIgniter\CodeIgniter->runController(Object(App\Controllers\Auth))
 8 SYSTEMPATH\CodeIgniter.php(340): CodeIgniter\CodeIgniter->handleRequest(null, Object(Config\Cache), false)
 9 SYSTEMPATH\Boot.php(417): CodeIgniter\CodeIgniter->run()
10 SYSTEMPATH\Boot.php(68): CodeIgniter\Boot::runCodeIgniter(Object(CodeIgniter\CodeIgniter))
11 FCPATH\index.php(59): CodeIgniter\Boot::bootWeb(Object(Config\Paths))
12 SYSTEMPATH\rewrite.php(44): require_once('C:\\xampp\\htdocs\\pos_ci4\\public\\index.php')
CRITICAL - 2026-05-02 18:55:42 --> CodeIgniter\Filters\Exceptions\FilterException: "auth" filter must have a matching alias defined.
[Method: GET, Route: prueba-bd]
in SYSTEMPATH\Filters\Filters.php on line 590.
 1 SYSTEMPATH\Filters\Filters.php(590): CodeIgniter\Filters\Exceptions\FilterException::forNoAlias('auth')
 2 SYSTEMPATH\Filters\Filters.php(641): CodeIgniter\Filters\Filters->enableFilter('auth', 'before')
 3 SYSTEMPATH\CodeIgniter.php(453): CodeIgniter\Filters\Filters->enableFilters([...], 'before')
 4 SYSTEMPATH\CodeIgniter.php(340): CodeIgniter\CodeIgniter->handleRequest(null, Object(Config\Cache), false)
 5 SYSTEMPATH\Boot.php(417): CodeIgniter\CodeIgniter->run()
 6 SYSTEMPATH\Boot.php(68): CodeIgniter\Boot::runCodeIgniter(Object(CodeIgniter\CodeIgniter))
 7 FCPATH\index.php(59): CodeIgniter\Boot::bootWeb(Object(Config\Paths))
 8 SYSTEMPATH\rewrite.php(44): require_once('C:\\xampp\\htdocs\\pos_ci4\\public\\index.php')
CRITICAL - 2026-05-02 18:55:43 --> CodeIgniter\Filters\Exceptions\FilterException: "auth" filter must have a matching alias defined.
[Method: GET, Route: prueba-bd]
in SYSTEMPATH\Filters\Filters.php on line 590.
 1 SYSTEMPATH\Filters\Filters.php(590): CodeIgniter\Filters\Exceptions\FilterException::forNoAlias('auth')
 2 SYSTEMPATH\Filters\Filters.php(641): CodeIgniter\Filters\Filters->enableFilter('auth', 'before')
 3 SYSTEMPATH\CodeIgniter.php(453): CodeIgniter\Filters\Filters->enableFilters([...], 'before')
 4 SYSTEMPATH\CodeIgniter.php(340): CodeIgniter\CodeIgniter->handleRequest(null, Object(Config\Cache), false)
 5 SYSTEMPATH\Boot.php(417): CodeIgniter\CodeIgniter->run()
 6 SYSTEMPATH\Boot.php(68): CodeIgniter\Boot::runCodeIgniter(Object(CodeIgniter\CodeIgniter))
 7 FCPATH\index.php(59): CodeIgniter\Boot::bootWeb(Object(Config\Paths))
 8 SYSTEMPATH\rewrite.php(44): require_once('C:\\xampp\\htdocs\\pos_ci4\\public\\index.php')
CRITICAL - 2026-05-02 18:58:38 --> Error: Class "Config\AuthFilter" not found
[Method: GET, Route: prueba-bd]
in SYSTEMPATH\Filters\Filters.php on line 299.
 1 SYSTEMPATH\Filters\Filters.php(239): CodeIgniter\Filters\Filters->createFilter('Config\\AuthFilter')
 2 SYSTEMPATH\Filters\Filters.php(221): CodeIgniter\Filters\Filters->runBefore([...])
 3 SYSTEMPATH\CodeIgniter.php(465): CodeIgniter\Filters\Filters->run('prueba-bd', 'before')
 4 SYSTEMPATH\CodeIgniter.php(340): CodeIgniter\CodeIgniter->handleRequest(null, Object(Config\Cache), false)
 5 SYSTEMPATH\Boot.php(417): CodeIgniter\CodeIgniter->run()
 6 SYSTEMPATH\Boot.php(68): CodeIgniter\Boot::runCodeIgniter(Object(CodeIgniter\CodeIgniter))
 7 FCPATH\index.php(59): CodeIgniter\Boot::bootWeb(Object(Config\Paths))
 8 SYSTEMPATH\rewrite.php(44): require_once('C:\\xampp\\htdocs\\pos_ci4\\public\\index.php')
DEBUG - 2026-05-02 18:58:55 --> Session: Class initialized using 'CodeIgniter\Session\Handlers\FileHandler' driver.
DEBUG - 2026-05-02 18:58:55 --> Session: Class initialized using 'CodeIgniter\Session\Handlers\FileHandler' driver.
DEBUG - 2026-05-02 18:59:01 --> Session: Class initialized using 'CodeIgniter\Session\Handlers\FileHandler' driver.
DEBUG - 2026-05-02 18:59:01 --> Session: Class initialized using 'CodeIgniter\Session\Handlers\FileHandler' driver.
DEBUG - 2026-05-02 18:59:08 --> Session: Class initialized using 'CodeIgniter\Session\Handlers\FileHandler' driver.
DEBUG - 2026-05-02 18:59:08 --> Session: Class initialized using 'CodeIgniter\Session\Handlers\FileHandler' driver.
DEBUG - 2026-05-02 18:59:25 --> Session: Class initialized using 'CodeIgniter\Session\Handlers\FileHandler' driver.
DEBUG - 2026-05-02 18:59:36 --> Session: Class initialized using 'CodeIgniter\Session\Handlers\FileHandler' driver.
DEBUG - 2026-05-02 18:59:36 --> Session: Class initialized using 'CodeIgniter\Session\Handlers\FileHandler' driver.
DEBUG - 2026-05-02 18:59:55 --> Session: Class initialized using 'CodeIgniter\Session\Handlers\FileHandler' driver.
DEBUG - 2026-05-02 19:00:01 --> Session: Class initialized using 'CodeIgniter\Session\Handlers\FileHandler' driver.
ERROR - 2026-05-02 19:00:01 --> Error connecting to the database: mysqli_sql_exception: Access denied for user 'root'@'localhost' (using password: YES) in C:\xampp\htdocs\pos_ci4\system\Database\MySQLi\Connection.php:201
Stack trace:
#0 C:\xampp\htdocs\pos_ci4\system\Database\MySQLi\Connection.php(201): mysqli->real_connect('localhost', 'root', Object(SensitiveParameterValue), 'pos_db', 3306, '', 0)
#1 C:\xampp\htdocs\pos_ci4\system\Database\BaseConnection.php(555): CodeIgniter\Database\MySQLi\Connection->connect(false)
#2 C:\xampp\htdocs\pos_ci4\system\Database\BaseConnection.php(795): CodeIgniter\Database\BaseConnection->initialize()
#3 C:\xampp\htdocs\pos_ci4\system\Database\BaseBuilder.php(1649): CodeIgniter\Database\BaseConnection->query('SELECT *\nFROM `...', Array, false)
#4 C:\xampp\htdocs\pos_ci4\system\Model.php(295): CodeIgniter\Database\BaseBuilder->get()
#5 C:\xampp\htdocs\pos_ci4\system\BaseModel.php(714): CodeIgniter\Model->doFirst()
#6 C:\xampp\htdocs\pos_ci4\app\Controllers\Auth.php(21): CodeIgniter\BaseModel->first()
#7 C:\xampp\htdocs\pos_ci4\system\CodeIgniter.php(951): App\Controllers\Auth->authenticate()
#8 C:\xampp\htdocs\pos_ci4\system\CodeIgniter.php(497): CodeIgniter\CodeIgniter->runController(Object(App\Controllers\Auth))
#9 C:\xampp\htdocs\pos_ci4\system\CodeIgniter.php(340): CodeIgniter\CodeIgniter->handleRequest(NULL, Object(Config\Cache), false)
#10 C:\xampp\htdocs\pos_ci4\system\Boot.php(417): CodeIgniter\CodeIgniter->run()
#11 C:\xampp\htdocs\pos_ci4\system\Boot.php(68): CodeIgniter\Boot::runCodeIgniter(Object(CodeIgniter\CodeIgniter))
#12 C:\xampp\htdocs\pos_ci4\public\index.php(59): CodeIgniter\Boot::bootWeb(Object(Config\Paths))
#13 C:\xampp\htdocs\pos_ci4\system\rewrite.php(44): require_once('C:\\xampp\\htdocs...')
#14 {main}

Next CodeIgniter\Database\Exceptions\DatabaseException: Access denied for user '****'@'localhost' (using password: YES) in C:\xampp\htdocs\pos_ci4\system\Database\MySQLi\Connection.php:231
Stack trace:
#0 C:\xampp\htdocs\pos_ci4\system\Database\BaseConnection.php(555): CodeIgniter\Database\MySQLi\Connection->connect(false)
#1 C:\xampp\htdocs\pos_ci4\system\Database\BaseConnection.php(795): CodeIgniter\Database\BaseConnection->initialize()
#2 C:\xampp\htdocs\pos_ci4\system\Database\BaseBuilder.php(1649): CodeIgniter\Database\BaseConnection->query('SELECT *\nFROM `...', Array, false)
#3 C:\xampp\htdocs\pos_ci4\system\Model.php(295): CodeIgniter\Database\BaseBuilder->get()
#4 C:\xampp\htdocs\pos_ci4\system\BaseModel.php(714): CodeIgniter\Model->doFirst()
#5 C:\xampp\htdocs\pos_ci4\app\Controllers\Auth.php(21): CodeIgniter\BaseModel->first()
#6 C:\xampp\htdocs\pos_ci4\system\CodeIgniter.php(951): App\Controllers\Auth->authenticate()
#7 C:\xampp\htdocs\pos_ci4\system\CodeIgniter.php(497): CodeIgniter\CodeIgniter->runController(Object(App\Controllers\Auth))
#8 C:\xampp\htdocs\pos_ci4\system\CodeIgniter.php(340): CodeIgniter\CodeIgniter->handleRequest(NULL, Object(Config\Cache), false)
#9 C:\xampp\htdocs\pos_ci4\system\Boot.php(417): CodeIgniter\CodeIgniter->run()
#10 C:\xampp\htdocs\pos_ci4\system\Boot.php(68): CodeIgniter\Boot::runCodeIgniter(Object(CodeIgniter\CodeIgniter))
#11 C:\xampp\htdocs\pos_ci4\public\index.php(59): CodeIgniter\Boot::bootWeb(Object(Config\Paths))
#12 C:\xampp\htdocs\pos_ci4\system\rewrite.php(44): require_once('C:\\xampp\\htdocs...')
#13 {main}
CRITICAL - 2026-05-02 19:00:01 --> CodeIgniter\Database\Exceptions\DatabaseException: Unable to connect to the database.
Main connection [MySQLi]: Access denied for user '****'@'localhost' (using password: YES)
[Method: POST, Route: auth/authenticate]
in SYSTEMPATH\Database\BaseConnection.php on line 606.
 1 SYSTEMPATH\Database\BaseConnection.php(795): CodeIgniter\Database\BaseConnection->initialize()
 2 SYSTEMPATH\Database\BaseBuilder.php(1649): CodeIgniter\Database\BaseConnection->query('SELECT *
FROM `users`
WHERE `username` = :username:
 LIMIT 1', [...], false)
 3 SYSTEMPATH\Model.php(295): CodeIgniter\Database\BaseBuilder->get()
 4 SYSTEMPATH\BaseModel.php(714): CodeIgniter\Model->doFirst()
 5 APPPATH\Controllers\Auth.php(21): CodeIgniter\BaseModel->first()
 6 SYSTEMPATH\CodeIgniter.php(951): App\Controllers\Auth->authenticate()
 7 SYSTEMPATH\CodeIgniter.php(497): CodeIgniter\CodeIgniter->runController(Object(App\Controllers\Auth))
 8 SYSTEMPATH\CodeIgniter.php(340): CodeIgniter\CodeIgniter->handleRequest(null, Object(Config\Cache), false)
 9 SYSTEMPATH\Boot.php(417): CodeIgniter\CodeIgniter->run()
10 SYSTEMPATH\Boot.php(68): CodeIgniter\Boot::runCodeIgniter(Object(CodeIgniter\CodeIgniter))
11 FCPATH\index.php(59): CodeIgniter\Boot::bootWeb(Object(Config\Paths))
12 SYSTEMPATH\rewrite.php(44): require_once('C:\\xampp\\htdocs\\pos_ci4\\public\\index.php')
DEBUG - 2026-05-02 19:00:11 --> Session: Class initialized using 'CodeIgniter\Session\Handlers\FileHandler' driver.
DEBUG - 2026-05-02 19:00:11 --> Session: Class initialized using 'CodeIgniter\Session\Handlers\FileHandler' driver.
DEBUG - 2026-05-02 19:00:14 --> Session: Class initialized using 'CodeIgniter\Session\Handlers\FileHandler' driver.
DEBUG - 2026-05-02 19:00:14 --> Session: Class initialized using 'CodeIgniter\Session\Handlers\FileHandler' driver.
DEBUG - 2026-05-02 19:00:18 --> Session: Class initialized using 'CodeIgniter\Session\Handlers\FileHandler' driver.
DEBUG - 2026-05-02 19:00:18 --> Session: Class initialized using 'CodeIgniter\Session\Handlers\FileHandler' driver.
DEBUG - 2026-05-02 19:00:41 --> Session: Class initialized using 'CodeIgniter\Session\Handlers\FileHandler' driver.
DEBUG - 2026-05-02 19:00:41 --> Session: Class initialized using 'CodeIgniter\Session\Handlers\FileHandler' driver.
DEBUG - 2026-05-02 19:00:57 --> Session: Class initialized using 'CodeIgniter\Session\Handlers\FileHandler' driver.
DEBUG - 2026-05-02 19:01:02 --> Session: Class initialized using 'CodeIgniter\Session\Handlers\FileHandler' driver.
ERROR - 2026-05-02 19:01:02 --> Error connecting to the database: mysqli_sql_exception: Access denied for user 'admin'@'localhost' (using password: YES) in C:\xampp\htdocs\pos_ci4\system\Database\MySQLi\Connection.php:201
Stack trace:
#0 C:\xampp\htdocs\pos_ci4\system\Database\MySQLi\Connection.php(201): mysqli->real_connect('localhost', 'admin', Object(SensitiveParameterValue), 'pos_db', 3306, '', 0)
#1 C:\xampp\htdocs\pos_ci4\system\Database\BaseConnection.php(555): CodeIgniter\Database\MySQLi\Connection->connect(false)
#2 C:\xampp\htdocs\pos_ci4\system\Database\BaseConnection.php(795): CodeIgniter\Database\BaseConnection->initialize()
#3 C:\xampp\htdocs\pos_ci4\system\Database\BaseBuilder.php(1649): CodeIgniter\Database\BaseConnection->query('SELECT *\nFROM `...', Array, false)
#4 C:\xampp\htdocs\pos_ci4\system\Model.php(295): CodeIgniter\Database\BaseBuilder->get()
#5 C:\xampp\htdocs\pos_ci4\system\BaseModel.php(714): CodeIgniter\Model->doFirst()
#6 C:\xampp\htdocs\pos_ci4\app\Controllers\Auth.php(21): CodeIgniter\BaseModel->first()
#7 C:\xampp\htdocs\pos_ci4\system\CodeIgniter.php(951): App\Controllers\Auth->authenticate()
#8 C:\xampp\htdocs\pos_ci4\system\CodeIgniter.php(497): CodeIgniter\CodeIgniter->runController(Object(App\Controllers\Auth))
#9 C:\xampp\htdocs\pos_ci4\system\CodeIgniter.php(340): CodeIgniter\CodeIgniter->handleRequest(NULL, Object(Config\Cache), false)
#10 C:\xampp\htdocs\pos_ci4\system\Boot.php(417): CodeIgniter\CodeIgniter->run()
#11 C:\xampp\htdocs\pos_ci4\system\Boot.php(68): CodeIgniter\Boot::runCodeIgniter(Object(CodeIgniter\CodeIgniter))
#12 C:\xampp\htdocs\pos_ci4\public\index.php(59): CodeIgniter\Boot::bootWeb(Object(Config\Paths))
#13 C:\xampp\htdocs\pos_ci4\system\rewrite.php(44): require_once('C:\\xampp\\htdocs...')
#14 {main}

Next CodeIgniter\Database\Exceptions\DatabaseException: Access denied for user '****'@'localhost' (using password: YES) in C:\xampp\htdocs\pos_ci4\system\Database\MySQLi\Connection.php:231
Stack trace:
#0 C:\xampp\htdocs\pos_ci4\system\Database\BaseConnection.php(555): CodeIgniter\Database\MySQLi\Connection->connect(false)
#1 C:\xampp\htdocs\pos_ci4\system\Database\BaseConnection.php(795): CodeIgniter\Database\BaseConnection->initialize()
#2 C:\xampp\htdocs\pos_ci4\system\Database\BaseBuilder.php(1649): CodeIgniter\Database\BaseConnection->query('SELECT *\nFROM `...', Array, false)
#3 C:\xampp\htdocs\pos_ci4\system\Model.php(295): CodeIgniter\Database\BaseBuilder->get()
#4 C:\xampp\htdocs\pos_ci4\system\BaseModel.php(714): CodeIgniter\Model->doFirst()
#5 C:\xampp\htdocs\pos_ci4\app\Controllers\Auth.php(21): CodeIgniter\BaseModel->first()
#6 C:\xampp\htdocs\pos_ci4\system\CodeIgniter.php(951): App\Controllers\Auth->authenticate()
#7 C:\xampp\htdocs\pos_ci4\system\CodeIgniter.php(497): CodeIgniter\CodeIgniter->runController(Object(App\Controllers\Auth))
#8 C:\xampp\htdocs\pos_ci4\system\CodeIgniter.php(340): CodeIgniter\CodeIgniter->handleRequest(NULL, Object(Config\Cache), false)
#9 C:\xampp\htdocs\pos_ci4\system\Boot.php(417): CodeIgniter\CodeIgniter->run()
#10 C:\xampp\htdocs\pos_ci4\system\Boot.php(68): CodeIgniter\Boot::runCodeIgniter(Object(CodeIgniter\CodeIgniter))
#11 C:\xampp\htdocs\pos_ci4\public\index.php(59): CodeIgniter\Boot::bootWeb(Object(Config\Paths))
#12 C:\xampp\htdocs\pos_ci4\system\rewrite.php(44): require_once('C:\\xampp\\htdocs...')
#13 {main}
CRITICAL - 2026-05-02 19:01:02 --> CodeIgniter\Database\Exceptions\DatabaseException: Unable to connect to the database.
Main connection [MySQLi]: Access denied for user '****'@'localhost' (using password: YES)
[Method: POST, Route: auth/authenticate]
in SYSTEMPATH\Database\BaseConnection.php on line 606.
 1 SYSTEMPATH\Database\BaseConnection.php(795): CodeIgniter\Database\BaseConnection->initialize()
 2 SYSTEMPATH\Database\BaseBuilder.php(1649): CodeIgniter\Database\BaseConnection->query('SELECT *
FROM `users`
WHERE `username` = :username:
 LIMIT 1', [...], false)
 3 SYSTEMPATH\Model.php(295): CodeIgniter\Database\BaseBuilder->get()
 4 SYSTEMPATH\BaseModel.php(714): CodeIgniter\Model->doFirst()
 5 APPPATH\Controllers\Auth.php(21): CodeIgniter\BaseModel->first()
 6 SYSTEMPATH\CodeIgniter.php(951): App\Controllers\Auth->authenticate()
 7 SYSTEMPATH\CodeIgniter.php(497): CodeIgniter\CodeIgniter->runController(Object(App\Controllers\Auth))
 8 SYSTEMPATH\CodeIgniter.php(340): CodeIgniter\CodeIgniter->handleRequest(null, Object(Config\Cache), false)
 9 SYSTEMPATH\Boot.php(417): CodeIgniter\CodeIgniter->run()
10 SYSTEMPATH\Boot.php(68): CodeIgniter\Boot::runCodeIgniter(Object(CodeIgniter\CodeIgniter))
11 FCPATH\index.php(59): CodeIgniter\Boot::bootWeb(Object(Config\Paths))
12 SYSTEMPATH\rewrite.php(44): require_once('C:\\xampp\\htdocs\\pos_ci4\\public\\index.php')
DEBUG - 2026-05-02 19:02:03 --> Session: Class initialized using 'CodeIgniter\Session\Handlers\FileHandler' driver.
DEBUG - 2026-05-02 19:02:04 --> Session: Class initialized using 'CodeIgniter\Session\Handlers\FileHandler' driver.
DEBUG - 2026-05-02 19:02:09 --> Session: Class initialized using 'CodeIgniter\Session\Handlers\FileHandler' driver.
DEBUG - 2026-05-02 19:02:09 --> Session: Class initialized using 'CodeIgniter\Session\Handlers\FileHandler' driver.
DEBUG - 2026-05-02 19:05:11 --> Session: Class initialized using 'CodeIgniter\Session\Handlers\FileHandler' driver.
DEBUG - 2026-05-02 19:05:16 --> Session: Class initialized using 'CodeIgniter\Session\Handlers\FileHandler' driver.
ERROR - 2026-05-02 19:05:16 --> Error connecting to the database: mysqli_sql_exception: Access denied for user 'root'@'localhost' (using password: YES) in C:\xampp\htdocs\pos_ci4\system\Database\MySQLi\Connection.php:201
Stack trace:
#0 C:\xampp\htdocs\pos_ci4\system\Database\MySQLi\Connection.php(201): mysqli->real_connect('localhost', 'root', Object(SensitiveParameterValue), 'pos_db', 3306, '', 0)
#1 C:\xampp\htdocs\pos_ci4\system\Database\BaseConnection.php(555): CodeIgniter\Database\MySQLi\Connection->connect(false)
#2 C:\xampp\htdocs\pos_ci4\system\Database\BaseConnection.php(795): CodeIgniter\Database\BaseConnection->initialize()
#3 C:\xampp\htdocs\pos_ci4\system\Database\BaseBuilder.php(1649): CodeIgniter\Database\BaseConnection->query('SELECT *\nFROM `...', Array, false)
#4 C:\xampp\htdocs\pos_ci4\system\Model.php(295): CodeIgniter\Database\BaseBuilder->get()
#5 C:\xampp\htdocs\pos_ci4\system\BaseModel.php(714): CodeIgniter\Model->doFirst()
#6 C:\xampp\htdocs\pos_ci4\app\Controllers\Auth.php(21): CodeIgniter\BaseModel->first()
#7 C:\xampp\htdocs\pos_ci4\system\CodeIgniter.php(951): App\Controllers\Auth->authenticate()
#8 C:\xampp\htdocs\pos_ci4\system\CodeIgniter.php(497): CodeIgniter\CodeIgniter->runController(Object(App\Controllers\Auth))
#9 C:\xampp\htdocs\pos_ci4\system\CodeIgniter.php(340): CodeIgniter\CodeIgniter->handleRequest(NULL, Object(Config\Cache), false)
#10 C:\xampp\htdocs\pos_ci4\system\Boot.php(417): CodeIgniter\CodeIgniter->run()
#11 C:\xampp\htdocs\pos_ci4\system\Boot.php(68): CodeIgniter\Boot::runCodeIgniter(Object(CodeIgniter\CodeIgniter))
#12 C:\xampp\htdocs\pos_ci4\public\index.php(59): CodeIgniter\Boot::bootWeb(Object(Config\Paths))
#13 C:\xampp\htdocs\pos_ci4\system\rewrite.php(44): require_once('C:\\xampp\\htdocs...')
#14 {main}

Next CodeIgniter\Database\Exceptions\DatabaseException: Access denied for user '****'@'localhost' (using password: YES) in C:\xampp\htdocs\pos_ci4\system\Database\MySQLi\Connection.php:231
Stack trace:
#0 C:\xampp\htdocs\pos_ci4\system\Database\BaseConnection.php(555): CodeIgniter\Database\MySQLi\Connection->connect(false)
#1 C:\xampp\htdocs\pos_ci4\system\Database\BaseConnection.php(795): CodeIgniter\Database\BaseConnection->initialize()
#2 C:\xampp\htdocs\pos_ci4\system\Database\BaseBuilder.php(1649): CodeIgniter\Database\BaseConnection->query('SELECT *\nFROM `...', Array, false)
#3 C:\xampp\htdocs\pos_ci4\system\Model.php(295): CodeIgniter\Database\BaseBuilder->get()
#4 C:\xampp\htdocs\pos_ci4\system\BaseModel.php(714): CodeIgniter\Model->doFirst()
#5 C:\xampp\htdocs\pos_ci4\app\Controllers\Auth.php(21): CodeIgniter\BaseModel->first()
#6 C:\xampp\htdocs\pos_ci4\system\CodeIgniter.php(951): App\Controllers\Auth->authenticate()
#7 C:\xampp\htdocs\pos_ci4\system\CodeIgniter.php(497): CodeIgniter\CodeIgniter->runController(Object(App\Controllers\Auth))
#8 C:\xampp\htdocs\pos_ci4\system\CodeIgniter.php(340): CodeIgniter\CodeIgniter->handleRequest(NULL, Object(Config\Cache), false)
#9 C:\xampp\htdocs\pos_ci4\system\Boot.php(417): CodeIgniter\CodeIgniter->run()
#10 C:\xampp\htdocs\pos_ci4\system\Boot.php(68): CodeIgniter\Boot::runCodeIgniter(Object(CodeIgniter\CodeIgniter))
#11 C:\xampp\htdocs\pos_ci4\public\index.php(59): CodeIgniter\Boot::bootWeb(Object(Config\Paths))
#12 C:\xampp\htdocs\pos_ci4\system\rewrite.php(44): require_once('C:\\xampp\\htdocs...')
#13 {main}
CRITICAL - 2026-05-02 19:05:16 --> CodeIgniter\Database\Exceptions\DatabaseException: Unable to connect to the database.
Main connection [MySQLi]: Access denied for user '****'@'localhost' (using password: YES)
[Method: POST, Route: auth/authenticate]
in SYSTEMPATH\Database\BaseConnection.php on line 606.
 1 SYSTEMPATH\Database\BaseConnection.php(795): CodeIgniter\Database\BaseConnection->initialize()
 2 SYSTEMPATH\Database\BaseBuilder.php(1649): CodeIgniter\Database\BaseConnection->query('SELECT *
FROM `users`
WHERE `username` = :username:
 LIMIT 1', [...], false)
 3 SYSTEMPATH\Model.php(295): CodeIgniter\Database\BaseBuilder->get()
 4 SYSTEMPATH\BaseModel.php(714): CodeIgniter\Model->doFirst()
 5 APPPATH\Controllers\Auth.php(21): CodeIgniter\BaseModel->first()
 6 SYSTEMPATH\CodeIgniter.php(951): App\Controllers\Auth->authenticate()
 7 SYSTEMPATH\CodeIgniter.php(497): CodeIgniter\CodeIgniter->runController(Object(App\Controllers\Auth))
 8 SYSTEMPATH\CodeIgniter.php(340): CodeIgniter\CodeIgniter->handleRequest(null, Object(Config\Cache), false)
 9 SYSTEMPATH\Boot.php(417): CodeIgniter\CodeIgniter->run()
10 SYSTEMPATH\Boot.php(68): CodeIgniter\Boot::runCodeIgniter(Object(CodeIgniter\CodeIgniter))
11 FCPATH\index.php(59): CodeIgniter\Boot::bootWeb(Object(Config\Paths))
12 SYSTEMPATH\rewrite.php(44): require_once('C:\\xampp\\htdocs\\pos_ci4\\public\\index.php')
DEBUG - 2026-05-02 19:05:19 --> Session: Class initialized using 'CodeIgniter\Session\Handlers\FileHandler' driver.
DEBUG - 2026-05-02 19:05:21 --> Session: Class initialized using 'CodeIgniter\Session\Handlers\FileHandler' driver.
ERROR - 2026-05-02 19:05:21 --> Error connecting to the database: mysqli_sql_exception: Access denied for user 'root'@'localhost' (using password: YES) in C:\xampp\htdocs\pos_ci4\system\Database\MySQLi\Connection.php:201
Stack trace:
#0 C:\xampp\htdocs\pos_ci4\system\Database\MySQLi\Connection.php(201): mysqli->real_connect('localhost', 'root', Object(SensitiveParameterValue), 'pos_db', 3306, '', 0)
#1 C:\xampp\htdocs\pos_ci4\system\Database\BaseConnection.php(555): CodeIgniter\Database\MySQLi\Connection->connect(false)
#2 C:\xampp\htdocs\pos_ci4\system\Database\BaseConnection.php(795): CodeIgniter\Database\BaseConnection->initialize()
#3 C:\xampp\htdocs\pos_ci4\system\Database\BaseBuilder.php(1649): CodeIgniter\Database\BaseConnection->query('SELECT *\nFROM `...', Array, false)
#4 C:\xampp\htdocs\pos_ci4\system\Model.php(295): CodeIgniter\Database\BaseBuilder->get()
#5 C:\xampp\htdocs\pos_ci4\system\BaseModel.php(714): CodeIgniter\Model->doFirst()
#6 C:\xampp\htdocs\pos_ci4\app\Controllers\Auth.php(21): CodeIgniter\BaseModel->first()
#7 C:\xampp\htdocs\pos_ci4\system\CodeIgniter.php(951): App\Controllers\Auth->authenticate()
#8 C:\xampp\htdocs\pos_ci4\system\CodeIgniter.php(497): CodeIgniter\CodeIgniter->runController(Object(App\Controllers\Auth))
#9 C:\xampp\htdocs\pos_ci4\system\CodeIgniter.php(340): CodeIgniter\CodeIgniter->handleRequest(NULL, Object(Config\Cache), false)
#10 C:\xampp\htdocs\pos_ci4\system\Boot.php(417): CodeIgniter\CodeIgniter->run()
#11 C:\xampp\htdocs\pos_ci4\system\Boot.php(68): CodeIgniter\Boot::runCodeIgniter(Object(CodeIgniter\CodeIgniter))
#12 C:\xampp\htdocs\pos_ci4\public\index.php(59): CodeIgniter\Boot::bootWeb(Object(Config\Paths))
#13 C:\xampp\htdocs\pos_ci4\system\rewrite.php(44): require_once('C:\\xampp\\htdocs...')
#14 {main}

Next CodeIgniter\Database\Exceptions\DatabaseException: Access denied for user '****'@'localhost' (using password: YES) in C:\xampp\htdocs\pos_ci4\system\Database\MySQLi\Connection.php:231
Stack trace:
#0 C:\xampp\htdocs\pos_ci4\system\Database\BaseConnection.php(555): CodeIgniter\Database\MySQLi\Connection->connect(false)
#1 C:\xampp\htdocs\pos_ci4\system\Database\BaseConnection.php(795): CodeIgniter\Database\BaseConnection->initialize()
#2 C:\xampp\htdocs\pos_ci4\system\Database\BaseBuilder.php(1649): CodeIgniter\Database\BaseConnection->query('SELECT *\nFROM `...', Array, false)
#3 C:\xampp\htdocs\pos_ci4\system\Model.php(295): CodeIgniter\Database\BaseBuilder->get()
#4 C:\xampp\htdocs\pos_ci4\system\BaseModel.php(714): CodeIgniter\Model->doFirst()
#5 C:\xampp\htdocs\pos_ci4\app\Controllers\Auth.php(21): CodeIgniter\BaseModel->first()
#6 C:\xampp\htdocs\pos_ci4\system\CodeIgniter.php(951): App\Controllers\Auth->authenticate()
#7 C:\xampp\htdocs\pos_ci4\system\CodeIgniter.php(497): CodeIgniter\CodeIgniter->runController(Object(App\Controllers\Auth))
#8 C:\xampp\htdocs\pos_ci4\system\CodeIgniter.php(340): CodeIgniter\CodeIgniter->handleRequest(NULL, Object(Config\Cache), false)
#9 C:\xampp\htdocs\pos_ci4\system\Boot.php(417): CodeIgniter\CodeIgniter->run()
#10 C:\xampp\htdocs\pos_ci4\system\Boot.php(68): CodeIgniter\Boot::runCodeIgniter(Object(CodeIgniter\CodeIgniter))
#11 C:\xampp\htdocs\pos_ci4\public\index.php(59): CodeIgniter\Boot::bootWeb(Object(Config\Paths))
#12 C:\xampp\htdocs\pos_ci4\system\rewrite.php(44): require_once('C:\\xampp\\htdocs...')
#13 {main}
CRITICAL - 2026-05-02 19:05:21 --> CodeIgniter\Database\Exceptions\DatabaseException: Unable to connect to the database.
Main connection [MySQLi]: Access denied for user '****'@'localhost' (using password: YES)
[Method: POST, Route: auth/authenticate]
in SYSTEMPATH\Database\BaseConnection.php on line 606.
 1 SYSTEMPATH\Database\BaseConnection.php(795): CodeIgniter\Database\BaseConnection->initialize()
 2 SYSTEMPATH\Database\BaseBuilder.php(1649): CodeIgniter\Database\BaseConnection->query('SELECT *
FROM `users`
WHERE `username` = :username:
 LIMIT 1', [...], false)
 3 SYSTEMPATH\Model.php(295): CodeIgniter\Database\BaseBuilder->get()
 4 SYSTEMPATH\BaseModel.php(714): CodeIgniter\Model->doFirst()
 5 APPPATH\Controllers\Auth.php(21): CodeIgniter\BaseModel->first()
 6 SYSTEMPATH\CodeIgniter.php(951): App\Controllers\Auth->authenticate()
 7 SYSTEMPATH\CodeIgniter.php(497): CodeIgniter\CodeIgniter->runController(Object(App\Controllers\Auth))
 8 SYSTEMPATH\CodeIgniter.php(340): CodeIgniter\CodeIgniter->handleRequest(null, Object(Config\Cache), false)
 9 SYSTEMPATH\Boot.php(417): CodeIgniter\CodeIgniter->run()
10 SYSTEMPATH\Boot.php(68): CodeIgniter\Boot::runCodeIgniter(Object(CodeIgniter\CodeIgniter))
11 FCPATH\index.php(59): CodeIgniter\Boot::bootWeb(Object(Config\Paths))
12 SYSTEMPATH\rewrite.php(44): require_once('C:\\xampp\\htdocs\\pos_ci4\\public\\index.php')
DEBUG - 2026-05-02 19:05:33 --> Session: Class initialized using 'CodeIgniter\Session\Handlers\FileHandler' driver.
ERROR - 2026-05-02 19:05:33 --> Error connecting to the database: mysqli_sql_exception: Access denied for user 'root'@'localhost' (using password: YES) in C:\xampp\htdocs\pos_ci4\system\Database\MySQLi\Connection.php:201
Stack trace:
#0 C:\xampp\htdocs\pos_ci4\system\Database\MySQLi\Connection.php(201): mysqli->real_connect('localhost', 'root', Object(SensitiveParameterValue), 'pos_db', 3306, '', 0)
#1 C:\xampp\htdocs\pos_ci4\system\Database\BaseConnection.php(555): CodeIgniter\Database\MySQLi\Connection->connect(false)
#2 C:\xampp\htdocs\pos_ci4\system\Database\BaseConnection.php(795): CodeIgniter\Database\BaseConnection->initialize()
#3 C:\xampp\htdocs\pos_ci4\system\Database\BaseBuilder.php(1649): CodeIgniter\Database\BaseConnection->query('SELECT *\nFROM `...', Array, false)
#4 C:\xampp\htdocs\pos_ci4\system\Model.php(295): CodeIgniter\Database\BaseBuilder->get()
#5 C:\xampp\htdocs\pos_ci4\system\BaseModel.php(714): CodeIgniter\Model->doFirst()
#6 C:\xampp\htdocs\pos_ci4\app\Controllers\Auth.php(21): CodeIgniter\BaseModel->first()
#7 C:\xampp\htdocs\pos_ci4\system\CodeIgniter.php(951): App\Controllers\Auth->authenticate()
#8 C:\xampp\htdocs\pos_ci4\system\CodeIgniter.php(497): CodeIgniter\CodeIgniter->runController(Object(App\Controllers\Auth))
#9 C:\xampp\htdocs\pos_ci4\system\CodeIgniter.php(340): CodeIgniter\CodeIgniter->handleRequest(NULL, Object(Config\Cache), false)
#10 C:\xampp\htdocs\pos_ci4\system\Boot.php(417): CodeIgniter\CodeIgniter->run()
#11 C:\xampp\htdocs\pos_ci4\system\Boot.php(68): CodeIgniter\Boot::runCodeIgniter(Object(CodeIgniter\CodeIgniter))
#12 C:\xampp\htdocs\pos_ci4\public\index.php(59): CodeIgniter\Boot::bootWeb(Object(Config\Paths))
#13 C:\xampp\htdocs\pos_ci4\system\rewrite.php(44): require_once('C:\\xampp\\htdocs...')
#14 {main}

Next CodeIgniter\Database\Exceptions\DatabaseException: Access denied for user '****'@'localhost' (using password: YES) in C:\xampp\htdocs\pos_ci4\system\Database\MySQLi\Connection.php:231
Stack trace:
#0 C:\xampp\htdocs\pos_ci4\system\Database\BaseConnection.php(555): CodeIgniter\Database\MySQLi\Connection->connect(false)
#1 C:\xampp\htdocs\pos_ci4\system\Database\BaseConnection.php(795): CodeIgniter\Database\BaseConnection->initialize()
#2 C:\xampp\htdocs\pos_ci4\system\Database\BaseBuilder.php(1649): CodeIgniter\Database\BaseConnection->query('SELECT *\nFROM `...', Array, false)
#3 C:\xampp\htdocs\pos_ci4\system\Model.php(295): CodeIgniter\Database\BaseBuilder->get()
#4 C:\xampp\htdocs\pos_ci4\system\BaseModel.php(714): CodeIgniter\Model->doFirst()
#5 C:\xampp\htdocs\pos_ci4\app\Controllers\Auth.php(21): CodeIgniter\BaseModel->first()
#6 C:\xampp\htdocs\pos_ci4\system\CodeIgniter.php(951): App\Controllers\Auth->authenticate()
#7 C:\xampp\htdocs\pos_ci4\system\CodeIgniter.php(497): CodeIgniter\CodeIgniter->runController(Object(App\Controllers\Auth))
#8 C:\xampp\htdocs\pos_ci4\system\CodeIgniter.php(340): CodeIgniter\CodeIgniter->handleRequest(NULL, Object(Config\Cache), false)
#9 C:\xampp\htdocs\pos_ci4\system\Boot.php(417): CodeIgniter\CodeIgniter->run()
#10 C:\xampp\htdocs\pos_ci4\system\Boot.php(68): CodeIgniter\Boot::runCodeIgniter(Object(CodeIgniter\CodeIgniter))
#11 C:\xampp\htdocs\pos_ci4\public\index.php(59): CodeIgniter\Boot::bootWeb(Object(Config\Paths))
#12 C:\xampp\htdocs\pos_ci4\system\rewrite.php(44): require_once('C:\\xampp\\htdocs...')
#13 {main}
CRITICAL - 2026-05-02 19:05:33 --> CodeIgniter\Database\Exceptions\DatabaseException: Unable to connect to the database.
Main connection [MySQLi]: Access denied for user '****'@'localhost' (using password: YES)
[Method: POST, Route: auth/authenticate]
in SYSTEMPATH\Database\BaseConnection.php on line 606.
 1 SYSTEMPATH\Database\BaseConnection.php(795): CodeIgniter\Database\BaseConnection->initialize()
 2 SYSTEMPATH\Database\BaseBuilder.php(1649): CodeIgniter\Database\BaseConnection->query('SELECT *
FROM `users`
WHERE `username` = :username:
 LIMIT 1', [...], false)
 3 SYSTEMPATH\Model.php(295): CodeIgniter\Database\BaseBuilder->get()
 4 SYSTEMPATH\BaseModel.php(714): CodeIgniter\Model->doFirst()
 5 APPPATH\Controllers\Auth.php(21): CodeIgniter\BaseModel->first()
 6 SYSTEMPATH\CodeIgniter.php(951): App\Controllers\Auth->authenticate()
 7 SYSTEMPATH\CodeIgniter.php(497): CodeIgniter\CodeIgniter->runController(Object(App\Controllers\Auth))
 8 SYSTEMPATH\CodeIgniter.php(340): CodeIgniter\CodeIgniter->handleRequest(null, Object(Config\Cache), false)
 9 SYSTEMPATH\Boot.php(417): CodeIgniter\CodeIgniter->run()
10 SYSTEMPATH\Boot.php(68): CodeIgniter\Boot::runCodeIgniter(Object(CodeIgniter\CodeIgniter))
11 FCPATH\index.php(59): CodeIgniter\Boot::bootWeb(Object(Config\Paths))
12 SYSTEMPATH\rewrite.php(44): require_once('C:\\xampp\\htdocs\\pos_ci4\\public\\index.php')
CRITICAL - 2026-05-02 19:22:54 --> ParseError: syntax error, unexpected token "public", expecting "{"
[Method: GET, Route: test-hash]
in APPPATH\Controllers\PruebaBD.php on line 8.
 1 SYSTEMPATH\Autoloader\Autoloader.php(295): CodeIgniter\Autoloader\Autoloader->includeFile('C:\\xampp\\htdocs\\pos_ci4\\app\\Controllers\\PruebaBD.php')
 2 SYSTEMPATH\Autoloader\Autoloader.php(271): CodeIgniter\Autoloader\Autoloader->loadInNamespace('App\\Controllers\\PruebaBD')
 3 [internal function]: CodeIgniter\Autoloader\Autoloader->loadClass('App\\Controllers\\PruebaBD')
 4 SYSTEMPATH\Router\Router.php(792): class_exists('\\App\\Controllers\\PruebaBD')
 5 SYSTEMPATH\Router\Router.php(230): CodeIgniter\Router\Router->processRouteAttributes()
 6 SYSTEMPATH\CodeIgniter.php(829): CodeIgniter\Router\Router->handle('test-hash')
 7 SYSTEMPATH\CodeIgniter.php(441): CodeIgniter\CodeIgniter->tryToRouteIt(Object(CodeIgniter\Router\RouteCollection))
 8 SYSTEMPATH\CodeIgniter.php(340): CodeIgniter\CodeIgniter->handleRequest(null, Object(Config\Cache), false)
 9 SYSTEMPATH\Boot.php(417): CodeIgniter\CodeIgniter->run()
10 SYSTEMPATH\Boot.php(68): CodeIgniter\Boot::runCodeIgniter(Object(CodeIgniter\CodeIgniter))
11 FCPATH\index.php(59): CodeIgniter\Boot::bootWeb(Object(Config\Paths))
12 SYSTEMPATH\rewrite.php(44): require_once('C:\\xampp\\htdocs\\pos_ci4\\public\\index.php')
CRITICAL - 2026-05-02 19:23:06 --> ParseError: syntax error, unexpected token "public", expecting "{"
[Method: GET, Route: test-hash]
in APPPATH\Controllers\PruebaBD.php on line 8.
 1 SYSTEMPATH\Autoloader\Autoloader.php(295): CodeIgniter\Autoloader\Autoloader->includeFile('C:\\xampp\\htdocs\\pos_ci4\\app\\Controllers\\PruebaBD.php')
 2 SYSTEMPATH\Autoloader\Autoloader.php(271): CodeIgniter\Autoloader\Autoloader->loadInNamespace('App\\Controllers\\PruebaBD')
 3 [internal function]: CodeIgniter\Autoloader\Autoloader->loadClass('App\\Controllers\\PruebaBD')
 4 SYSTEMPATH\Router\Router.php(792): class_exists('\\App\\Controllers\\PruebaBD')
 5 SYSTEMPATH\Router\Router.php(230): CodeIgniter\Router\Router->processRouteAttributes()
 6 SYSTEMPATH\CodeIgniter.php(829): CodeIgniter\Router\Router->handle('test-hash')
 7 SYSTEMPATH\CodeIgniter.php(441): CodeIgniter\CodeIgniter->tryToRouteIt(Object(CodeIgniter\Router\RouteCollection))
 8 SYSTEMPATH\CodeIgniter.php(340): CodeIgniter\CodeIgniter->handleRequest(null, Object(Config\Cache), false)
 9 SYSTEMPATH\Boot.php(417): CodeIgniter\CodeIgniter->run()
10 SYSTEMPATH\Boot.php(68): CodeIgniter\Boot::runCodeIgniter(Object(CodeIgniter\CodeIgniter))
11 FCPATH\index.php(59): CodeIgniter\Boot::bootWeb(Object(Config\Paths))
12 SYSTEMPATH\rewrite.php(44): require_once('C:\\xampp\\htdocs\\pos_ci4\\public\\index.php')
CRITICAL - 2026-05-02 19:24:02 --> ParseError: syntax error, unexpected token "public", expecting "{"
[Method: GET, Route: test-hash]
in APPPATH\Controllers\PruebaBD.php on line 8.
 1 SYSTEMPATH\Autoloader\Autoloader.php(295): CodeIgniter\Autoloader\Autoloader->includeFile('C:\\xampp\\htdocs\\pos_ci4\\app\\Controllers\\PruebaBD.php')
 2 SYSTEMPATH\Autoloader\Autoloader.php(271): CodeIgniter\Autoloader\Autoloader->loadInNamespace('App\\Controllers\\PruebaBD')
 3 [internal function]: CodeIgniter\Autoloader\Autoloader->loadClass('App\\Controllers\\PruebaBD')
 4 SYSTEMPATH\Router\Router.php(792): class_exists('\\App\\Controllers\\PruebaBD')
 5 SYSTEMPATH\Router\Router.php(230): CodeIgniter\Router\Router->processRouteAttributes()
 6 SYSTEMPATH\CodeIgniter.php(829): CodeIgniter\Router\Router->handle('test-hash')
 7 SYSTEMPATH\CodeIgniter.php(441): CodeIgniter\CodeIgniter->tryToRouteIt(Object(CodeIgniter\Router\RouteCollection))
 8 SYSTEMPATH\CodeIgniter.php(340): CodeIgniter\CodeIgniter->handleRequest(null, Object(Config\Cache), false)
 9 SYSTEMPATH\Boot.php(417): CodeIgniter\CodeIgniter->run()
10 SYSTEMPATH\Boot.php(68): CodeIgniter\Boot::runCodeIgniter(Object(CodeIgniter\CodeIgniter))
11 FCPATH\index.php(59): CodeIgniter\Boot::bootWeb(Object(Config\Paths))
12 SYSTEMPATH\rewrite.php(44): require_once('C:\\xampp\\htdocs\\pos_ci4\\public\\index.php')
CRITICAL - 2026-05-02 19:24:05 --> ParseError: syntax error, unexpected token "public", expecting "{"
[Method: GET, Route: test-hash]
in APPPATH\Controllers\PruebaBD.php on line 8.
 1 SYSTEMPATH\Autoloader\Autoloader.php(295): CodeIgniter\Autoloader\Autoloader->includeFile('C:\\xampp\\htdocs\\pos_ci4\\app\\Controllers\\PruebaBD.php')
 2 SYSTEMPATH\Autoloader\Autoloader.php(271): CodeIgniter\Autoloader\Autoloader->loadInNamespace('App\\Controllers\\PruebaBD')
 3 [internal function]: CodeIgniter\Autoloader\Autoloader->loadClass('App\\Controllers\\PruebaBD')
 4 SYSTEMPATH\Router\Router.php(792): class_exists('\\App\\Controllers\\PruebaBD')
 5 SYSTEMPATH\Router\Router.php(230): CodeIgniter\Router\Router->processRouteAttributes()
 6 SYSTEMPATH\CodeIgniter.php(829): CodeIgniter\Router\Router->handle('test-hash')
 7 SYSTEMPATH\CodeIgniter.php(441): CodeIgniter\CodeIgniter->tryToRouteIt(Object(CodeIgniter\Router\RouteCollection))
 8 SYSTEMPATH\CodeIgniter.php(340): CodeIgniter\CodeIgniter->handleRequest(null, Object(Config\Cache), false)
 9 SYSTEMPATH\Boot.php(417): CodeIgniter\CodeIgniter->run()
10 SYSTEMPATH\Boot.php(68): CodeIgniter\Boot::runCodeIgniter(Object(CodeIgniter\CodeIgniter))
11 FCPATH\index.php(59): CodeIgniter\Boot::bootWeb(Object(Config\Paths))
12 SYSTEMPATH\rewrite.php(44): require_once('C:\\xampp\\htdocs\\pos_ci4\\public\\index.php')
CRITICAL - 2026-05-02 19:24:09 --> ParseError: syntax error, unexpected token "public", expecting "{"
[Method: GET, Route: test-hash]
in APPPATH\Controllers\PruebaBD.php on line 8.
 1 SYSTEMPATH\Autoloader\Autoloader.php(295): CodeIgniter\Autoloader\Autoloader->includeFile('C:\\xampp\\htdocs\\pos_ci4\\app\\Controllers\\PruebaBD.php')
 2 SYSTEMPATH\Autoloader\Autoloader.php(271): CodeIgniter\Autoloader\Autoloader->loadInNamespace('App\\Controllers\\PruebaBD')
 3 [internal function]: CodeIgniter\Autoloader\Autoloader->loadClass('App\\Controllers\\PruebaBD')
 4 SYSTEMPATH\Router\Router.php(792): class_exists('\\App\\Controllers\\PruebaBD')
 5 SYSTEMPATH\Router\Router.php(230): CodeIgniter\Router\Router->processRouteAttributes()
 6 SYSTEMPATH\CodeIgniter.php(829): CodeIgniter\Router\Router->handle('test-hash')
 7 SYSTEMPATH\CodeIgniter.php(441): CodeIgniter\CodeIgniter->tryToRouteIt(Object(CodeIgniter\Router\RouteCollection))
 8 SYSTEMPATH\CodeIgniter.php(340): CodeIgniter\CodeIgniter->handleRequest(null, Object(Config\Cache), false)
 9 SYSTEMPATH\Boot.php(417): CodeIgniter\CodeIgniter->run()
10 SYSTEMPATH\Boot.php(68): CodeIgniter\Boot::runCodeIgniter(Object(CodeIgniter\CodeIgniter))
11 FCPATH\index.php(59): CodeIgniter\Boot::bootWeb(Object(Config\Paths))
12 SYSTEMPATH\rewrite.php(44): require_once('C:\\xampp\\htdocs\\pos_ci4\\public\\index.php')
CRITICAL - 2026-05-02 19:25:34 --> ParseError: syntax error, unexpected token "public", expecting "{"
[Method: GET, Route: test-hash]
in APPPATH\Controllers\PruebaBD.php on line 8.
 1 SYSTEMPATH\Autoloader\Autoloader.php(295): CodeIgniter\Autoloader\Autoloader->includeFile('C:\\xampp\\htdocs\\pos_ci4\\app\\Controllers\\PruebaBD.php')
 2 SYSTEMPATH\Autoloader\Autoloader.php(271): CodeIgniter\Autoloader\Autoloader->loadInNamespace('App\\Controllers\\PruebaBD')
 3 [internal function]: CodeIgniter\Autoloader\Autoloader->loadClass('App\\Controllers\\PruebaBD')
 4 SYSTEMPATH\Router\Router.php(792): class_exists('\\App\\Controllers\\PruebaBD')
 5 SYSTEMPATH\Router\Router.php(230): CodeIgniter\Router\Router->processRouteAttributes()
 6 SYSTEMPATH\CodeIgniter.php(829): CodeIgniter\Router\Router->handle('test-hash')
 7 SYSTEMPATH\CodeIgniter.php(441): CodeIgniter\CodeIgniter->tryToRouteIt(Object(CodeIgniter\Router\RouteCollection))
 8 SYSTEMPATH\CodeIgniter.php(340): CodeIgniter\CodeIgniter->handleRequest(null, Object(Config\Cache), false)
 9 SYSTEMPATH\Boot.php(417): CodeIgniter\CodeIgniter->run()
10 SYSTEMPATH\Boot.php(68): CodeIgniter\Boot::runCodeIgniter(Object(CodeIgniter\CodeIgniter))
11 FCPATH\index.php(59): CodeIgniter\Boot::bootWeb(Object(Config\Paths))
12 SYSTEMPATH\rewrite.php(44): require_once('C:\\xampp\\htdocs\\pos_ci4\\public\\index.php')
CRITICAL - 2026-05-02 19:26:42 --> ParseError: syntax error, unexpected token "public", expecting "{"
[Method: GET, Route: test-hash]
in APPPATH\Controllers\PruebaBD.php on line 8.
 1 SYSTEMPATH\Autoloader\Autoloader.php(295): CodeIgniter\Autoloader\Autoloader->includeFile('C:\\xampp\\htdocs\\pos_ci4\\app\\Controllers\\PruebaBD.php')
 2 SYSTEMPATH\Autoloader\Autoloader.php(271): CodeIgniter\Autoloader\Autoloader->loadInNamespace('App\\Controllers\\PruebaBD')
 3 [internal function]: CodeIgniter\Autoloader\Autoloader->loadClass('App\\Controllers\\PruebaBD')
 4 SYSTEMPATH\Router\Router.php(792): class_exists('\\App\\Controllers\\PruebaBD')
 5 SYSTEMPATH\Router\Router.php(230): CodeIgniter\Router\Router->processRouteAttributes()
 6 SYSTEMPATH\CodeIgniter.php(829): CodeIgniter\Router\Router->handle('test-hash')
 7 SYSTEMPATH\CodeIgniter.php(441): CodeIgniter\CodeIgniter->tryToRouteIt(Object(CodeIgniter\Router\RouteCollection))
 8 SYSTEMPATH\CodeIgniter.php(340): CodeIgniter\CodeIgniter->handleRequest(null, Object(Config\Cache), false)
 9 SYSTEMPATH\Boot.php(417): CodeIgniter\CodeIgniter->run()
10 SYSTEMPATH\Boot.php(68): CodeIgniter\Boot::runCodeIgniter(Object(CodeIgniter\CodeIgniter))
11 FCPATH\index.php(59): CodeIgniter\Boot::bootWeb(Object(Config\Paths))
12 SYSTEMPATH\rewrite.php(44): require_once('C:\\xampp\\htdocs\\pos_ci4\\public\\index.php')
DEBUG - 2026-05-02 19:26:55 --> Session: Class initialized using 'CodeIgniter\Session\Handlers\FileHandler' driver.
DEBUG - 2026-05-02 19:27:01 --> Session: Class initialized using 'CodeIgniter\Session\Handlers\FileHandler' driver.
DEBUG - 2026-05-02 19:27:01 --> Session: Class initialized using 'CodeIgniter\Session\Handlers\FileHandler' driver.
DEBUG - 2026-05-02 19:27:07 --> Session: Class initialized using 'CodeIgniter\Session\Handlers\FileHandler' driver.
DEBUG - 2026-05-02 19:27:07 --> Session: Class initialized using 'CodeIgniter\Session\Handlers\FileHandler' driver.
CRITICAL - 2026-05-02 19:27:13 --> ParseError: syntax error, unexpected token "public", expecting "{"
[Method: GET, Route: test-hash]
in APPPATH\Controllers\PruebaBD.php on line 8.
 1 SYSTEMPATH\Autoloader\Autoloader.php(295): CodeIgniter\Autoloader\Autoloader->includeFile('C:\\xampp\\htdocs\\pos_ci4\\app\\Controllers\\PruebaBD.php')
 2 SYSTEMPATH\Autoloader\Autoloader.php(271): CodeIgniter\Autoloader\Autoloader->loadInNamespace('App\\Controllers\\PruebaBD')
 3 [internal function]: CodeIgniter\Autoloader\Autoloader->loadClass('App\\Controllers\\PruebaBD')
 4 SYSTEMPATH\Router\Router.php(792): class_exists('\\App\\Controllers\\PruebaBD')
 5 SYSTEMPATH\Router\Router.php(230): CodeIgniter\Router\Router->processRouteAttributes()
 6 SYSTEMPATH\CodeIgniter.php(829): CodeIgniter\Router\Router->handle('test-hash')
 7 SYSTEMPATH\CodeIgniter.php(441): CodeIgniter\CodeIgniter->tryToRouteIt(Object(CodeIgniter\Router\RouteCollection))
 8 SYSTEMPATH\CodeIgniter.php(340): CodeIgniter\CodeIgniter->handleRequest(null, Object(Config\Cache), false)
 9 SYSTEMPATH\Boot.php(417): CodeIgniter\CodeIgniter->run()
10 SYSTEMPATH\Boot.php(68): CodeIgniter\Boot::runCodeIgniter(Object(CodeIgniter\CodeIgniter))
11 FCPATH\index.php(59): CodeIgniter\Boot::bootWeb(Object(Config\Paths))
12 SYSTEMPATH\rewrite.php(44): require_once('C:\\xampp\\htdocs\\pos_ci4\\public\\index.php')
CRITICAL - 2026-05-02 19:27:56 --> ParseError: syntax error, unexpected token "public", expecting "{"
[Method: GET, Route: test-hash]
in APPPATH\Controllers\PruebaBD.php on line 8.
 1 SYSTEMPATH\Autoloader\Autoloader.php(295): CodeIgniter\Autoloader\Autoloader->includeFile('C:\\xampp\\htdocs\\pos_ci4\\app\\Controllers\\PruebaBD.php')
 2 SYSTEMPATH\Autoloader\Autoloader.php(271): CodeIgniter\Autoloader\Autoloader->loadInNamespace('App\\Controllers\\PruebaBD')
 3 [internal function]: CodeIgniter\Autoloader\Autoloader->loadClass('App\\Controllers\\PruebaBD')
 4 SYSTEMPATH\Router\Router.php(792): class_exists('\\App\\Controllers\\PruebaBD')
 5 SYSTEMPATH\Router\Router.php(230): CodeIgniter\Router\Router->processRouteAttributes()
 6 SYSTEMPATH\CodeIgniter.php(829): CodeIgniter\Router\Router->handle('test-hash')
 7 SYSTEMPATH\CodeIgniter.php(441): CodeIgniter\CodeIgniter->tryToRouteIt(Object(CodeIgniter\Router\RouteCollection))
 8 SYSTEMPATH\CodeIgniter.php(340): CodeIgniter\CodeIgniter->handleRequest(null, Object(Config\Cache), false)
 9 SYSTEMPATH\Boot.php(417): CodeIgniter\CodeIgniter->run()
10 SYSTEMPATH\Boot.php(68): CodeIgniter\Boot::runCodeIgniter(Object(CodeIgniter\CodeIgniter))
11 FCPATH\index.php(59): CodeIgniter\Boot::bootWeb(Object(Config\Paths))
12 SYSTEMPATH\rewrite.php(44): require_once('C:\\xampp\\htdocs\\pos_ci4\\public\\index.php')
DEBUG - 2026-05-02 19:28:42 --> Session: Class initialized using 'CodeIgniter\Session\Handlers\FileHandler' driver.
DEBUG - 2026-05-02 19:28:42 --> Session: Class initialized using 'CodeIgniter\Session\Handlers\FileHandler' driver.
DEBUG - 2026-05-02 19:28:50 --> Session: Class initialized using 'CodeIgniter\Session\Handlers\FileHandler' driver.
DEBUG - 2026-05-02 19:28:50 --> Session: Class initialized using 'CodeIgniter\Session\Handlers\FileHandler' driver.
DEBUG - 2026-05-02 19:28:55 --> Session: Class initialized using 'CodeIgniter\Session\Handlers\FileHandler' driver.
DEBUG - 2026-05-02 19:28:55 --> Session: Class initialized using 'CodeIgniter\Session\Handlers\FileHandler' driver.
DEBUG - 2026-05-02 19:29:11 --> Session: Class initialized using 'CodeIgniter\Session\Handlers\FileHandler' driver.
DEBUG - 2026-05-02 19:30:09 --> Session: Class initialized using 'CodeIgniter\Session\Handlers\FileHandler' driver.
DEBUG - 2026-05-02 19:30:09 --> Session: Class initialized using 'CodeIgniter\Session\Handlers\FileHandler' driver.
DEBUG - 2026-05-02 19:30:16 --> Session: Class initialized using 'CodeIgniter\Session\Handlers\FileHandler' driver.
DEBUG - 2026-05-02 19:30:16 --> Session: Class initialized using 'CodeIgniter\Session\Handlers\FileHandler' driver.
DEBUG - 2026-05-02 19:30:33 --> Session: Class initialized using 'CodeIgniter\Session\Handlers\FileHandler' driver.
DEBUG - 2026-05-02 19:30:33 --> Session: Class initialized using 'CodeIgniter\Session\Handlers\FileHandler' driver.
DEBUG - 2026-05-02 19:32:19 --> Session: Class initialized using 'CodeIgniter\Session\Handlers\FileHandler' driver.
DEBUG - 2026-05-02 19:32:19 --> Session: Class initialized using 'CodeIgniter\Session\Handlers\FileHandler' driver.
DEBUG - 2026-05-02 19:32:25 --> Session: Class initialized using 'CodeIgniter\Session\Handlers\FileHandler' driver.
DEBUG - 2026-05-02 19:32:25 --> Session: Class initialized using 'CodeIgniter\Session\Handlers\FileHandler' driver.
DEBUG - 2026-05-02 19:34:26 --> Session: Class initialized using 'CodeIgniter\Session\Handlers\FileHandler' driver.
DEBUG - 2026-05-02 19:34:26 --> Session: Class initialized using 'CodeIgniter\Session\Handlers\FileHandler' driver.
DEBUG - 2026-05-02 19:34:58 --> Session: Class initialized using 'CodeIgniter\Session\Handlers\FileHandler' driver.
DEBUG - 2026-05-02 19:34:58 --> Session: Class initialized using 'CodeIgniter\Session\Handlers\FileHandler' driver.
DEBUG - 2026-05-02 19:35:08 --> Session: Class initialized using 'CodeIgniter\Session\Handlers\FileHandler' driver.
DEBUG - 2026-05-02 19:35:08 --> Session: Class initialized using 'CodeIgniter\Session\Handlers\FileHandler' driver.
DEBUG - 2026-05-02 19:35:22 --> Session: Class initialized using 'CodeIgniter\Session\Handlers\FileHandler' driver.
DEBUG - 2026-05-02 19:35:23 --> Session: Class initialized using 'CodeIgniter\Session\Handlers\FileHandler' driver.
DEBUG - 2026-05-02 19:35:34 --> Session: Class initialized using 'CodeIgniter\Session\Handlers\FileHandler' driver.
DEBUG - 2026-05-02 19:35:34 --> Session: Class initialized using 'CodeIgniter\Session\Handlers\FileHandler' driver.
DEBUG - 2026-05-02 19:37:43 --> Session: Class initialized using 'CodeIgniter\Session\Handlers\FileHandler' driver.
DEBUG - 2026-05-02 19:37:43 --> Session: Class initialized using 'CodeIgniter\Session\Handlers\FileHandler' driver.
DEBUG - 2026-05-02 19:38:24 --> Session: Class initialized using 'CodeIgniter\Session\Handlers\FileHandler' driver.
DEBUG - 2026-05-02 19:38:24 --> Session: Class initialized using 'CodeIgniter\Session\Handlers\FileHandler' driver.
DEBUG - 2026-05-02 19:38:47 --> Session: Class initialized using 'CodeIgniter\Session\Handlers\FileHandler' driver.
DEBUG - 2026-05-02 19:38:55 --> Session: Class initialized using 'CodeIgniter\Session\Handlers\FileHandler' driver.
DEBUG - 2026-05-02 19:38:55 --> Session: Class initialized using 'CodeIgniter\Session\Handlers\FileHandler' driver.
DEBUG - 2026-05-02 19:39:34 --> Session: Class initialized using 'CodeIgniter\Session\Handlers\FileHandler' driver.
DEBUG - 2026-05-02 19:39:34 --> Session: Class initialized using 'CodeIgniter\Session\Handlers\FileHandler' driver.
DEBUG - 2026-05-02 19:40:18 --> Session: Class initialized using 'CodeIgniter\Session\Handlers\FileHandler' driver.
DEBUG - 2026-05-02 19:40:18 --> Session: Class initialized using 'CodeIgniter\Session\Handlers\FileHandler' driver.
DEBUG - 2026-05-02 19:40:26 --> Session: Class initialized using 'CodeIgniter\Session\Handlers\FileHandler' driver.
DEBUG - 2026-05-02 19:40:26 --> Session: Class initialized using 'CodeIgniter\Session\Handlers\FileHandler' driver.
DEBUG - 2026-05-02 19:43:32 --> Session: Class initialized using 'CodeIgniter\Session\Handlers\FileHandler' driver.
DEBUG - 2026-05-02 19:43:35 --> Session: Class initialized using 'CodeIgniter\Session\Handlers\FileHandler' driver.
DEBUG - 2026-05-02 19:43:35 --> Session: Class initialized using 'CodeIgniter\Session\Handlers\FileHandler' driver.
DEBUG - 2026-05-02 19:43:40 --> Session: Class initialized using 'CodeIgniter\Session\Handlers\FileHandler' driver.
DEBUG - 2026-05-02 19:43:40 --> Session: Class initialized using 'CodeIgniter\Session\Handlers\FileHandler' driver.
CRITICAL - 2026-05-02 19:43:50 --> ParseError: Unmatched '}'
[Method: GET, Route: login]
in APPPATH\Config\Routes.php on line 38.
 1 SYSTEMPATH\CodeIgniter.php(818): CodeIgniter\Router\RouteCollection->loadRoutes()
 2 SYSTEMPATH\CodeIgniter.php(441): CodeIgniter\CodeIgniter->tryToRouteIt(null)
 3 SYSTEMPATH\CodeIgniter.php(340): CodeIgniter\CodeIgniter->handleRequest(null, Object(Config\Cache), false)
 4 SYSTEMPATH\Boot.php(417): CodeIgniter\CodeIgniter->run()
 5 SYSTEMPATH\Boot.php(68): CodeIgniter\Boot::runCodeIgniter(Object(CodeIgniter\CodeIgniter))
 6 FCPATH\index.php(59): CodeIgniter\Boot::bootWeb(Object(Config\Paths))
 7 SYSTEMPATH\rewrite.php(44): require_once('C:\\xampp\\htdocs\\pos_ci4\\public\\index.php')
CRITICAL - 2026-05-02 19:44:07 --> ParseError: Unmatched ')'
[Method: GET, Route: login]
in APPPATH\Config\Routes.php on line 39.
 1 SYSTEMPATH\CodeIgniter.php(818): CodeIgniter\Router\RouteCollection->loadRoutes()
 2 SYSTEMPATH\CodeIgniter.php(441): CodeIgniter\CodeIgniter->tryToRouteIt(null)
 3 SYSTEMPATH\CodeIgniter.php(340): CodeIgniter\CodeIgniter->handleRequest(null, Object(Config\Cache), false)
 4 SYSTEMPATH\Boot.php(417): CodeIgniter\CodeIgniter->run()
 5 SYSTEMPATH\Boot.php(68): CodeIgniter\Boot::runCodeIgniter(Object(CodeIgniter\CodeIgniter))
 6 FCPATH\index.php(59): CodeIgniter\Boot::bootWeb(Object(Config\Paths))
 7 SYSTEMPATH\rewrite.php(44): require_once('C:\\xampp\\htdocs\\pos_ci4\\public\\index.php')
DEBUG - 2026-05-02 19:44:29 --> Session: Class initialized using 'CodeIgniter\Session\Handlers\FileHandler' driver.
DEBUG - 2026-05-02 19:44:31 --> Session: Class initialized using 'CodeIgniter\Session\Handlers\FileHandler' driver.
DEBUG - 2026-05-02 19:44:31 --> Session: Class initialized using 'CodeIgniter\Session\Handlers\FileHandler' driver.
DEBUG - 2026-05-02 19:44:36 --> Session: Class initialized using 'CodeIgniter\Session\Handlers\FileHandler' driver.
DEBUG - 2026-05-02 19:44:36 --> Session: Class initialized using 'CodeIgniter\Session\Handlers\FileHandler' driver.
CRITICAL - 2026-05-02 19:50:48 --> ParseError: Unmatched ')'
[Method: POST, Route: auth/authenticate]
in APPPATH\Config\Routes.php on line 38.
 1 SYSTEMPATH\CodeIgniter.php(818): CodeIgniter\Router\RouteCollection->loadRoutes()
 2 SYSTEMPATH\CodeIgniter.php(441): CodeIgniter\CodeIgniter->tryToRouteIt(null)
 3 SYSTEMPATH\CodeIgniter.php(340): CodeIgniter\CodeIgniter->handleRequest(null, Object(Config\Cache), false)
 4 SYSTEMPATH\Boot.php(417): CodeIgniter\CodeIgniter->run()
 5 SYSTEMPATH\Boot.php(68): CodeIgniter\Boot::runCodeIgniter(Object(CodeIgniter\CodeIgniter))
 6 FCPATH\index.php(59): CodeIgniter\Boot::bootWeb(Object(Config\Paths))
 7 SYSTEMPATH\rewrite.php(44): require_once('C:\\xampp\\htdocs\\pos_ci4\\public\\index.php')
DEBUG - 2026-05-02 19:51:24 --> Session: Class initialized using 'CodeIgniter\Session\Handlers\FileHandler' driver.
DEBUG - 2026-05-02 19:51:24 --> Session: Class initialized using 'CodeIgniter\Session\Handlers\FileHandler' driver.
DEBUG - 2026-05-02 19:51:33 --> Session: Class initialized using 'CodeIgniter\Session\Handlers\FileHandler' driver.
DEBUG - 2026-05-02 19:51:33 --> Session: Class initialized using 'CodeIgniter\Session\Handlers\FileHandler' driver.
DEBUG - 2026-05-02 19:51:36 --> Session: Class initialized using 'CodeIgniter\Session\Handlers\FileHandler' driver.
DEBUG - 2026-05-02 19:51:43 --> Session: Class initialized using 'CodeIgniter\Session\Handlers\FileHandler' driver.
DEBUG - 2026-05-02 19:51:43 --> Session: Class initialized using 'CodeIgniter\Session\Handlers\FileHandler' driver.
DEBUG - 2026-05-02 19:53:06 --> Session: Class initialized using 'CodeIgniter\Session\Handlers\FileHandler' driver.
DEBUG - 2026-05-02 19:53:07 --> Session: Class initialized using 'CodeIgniter\Session\Handlers\FileHandler' driver.
DEBUG - 2026-05-02 19:53:17 --> Session: Class initialized using 'CodeIgniter\Session\Handlers\FileHandler' driver.
DEBUG - 2026-05-02 19:53:17 --> Session: Class initialized using 'CodeIgniter\Session\Handlers\FileHandler' driver.
DEBUG - 2026-05-02 19:53:35 --> Session: Class initialized using 'CodeIgniter\Session\Handlers\FileHandler' driver.
DEBUG - 2026-05-02 19:53:38 --> Session: Class initialized using 'CodeIgniter\Session\Handlers\FileHandler' driver.
ERROR - 2026-05-02 19:53:38 --> No database selected
in SYSTEMPATH\Database\MySQLi\Connection.php on line 300.
 1 SYSTEMPATH\Database\MySQLi\Connection.php(300): mysqli->query('SELECT *
FROM `users`
WHERE `username` = \'admin1\'
 LIMIT 1', 0)
 2 SYSTEMPATH\Database\BaseConnection.php(910): CodeIgniter\Database\MySQLi\Connection->execute('SELECT *
FROM `users`
WHERE `username` = \'admin1\'
 LIMIT 1')
 3 SYSTEMPATH\Database\BaseConnection.php(827): CodeIgniter\Database\BaseConnection->simpleQuery('SELECT *
FROM `users`
WHERE `username` = \'admin1\'
 LIMIT 1')
 4 SYSTEMPATH\Database\BaseBuilder.php(1649): CodeIgniter\Database\BaseConnection->query('SELECT *
FROM `users`
WHERE `username` = :username:
 LIMIT 1', [...], false)
 5 SYSTEMPATH\Model.php(295): CodeIgniter\Database\BaseBuilder->get()
 6 SYSTEMPATH\BaseModel.php(714): CodeIgniter\Model->doFirst()
 7 APPPATH\Controllers\Auth.php(21): CodeIgniter\BaseModel->first()
 8 SYSTEMPATH\CodeIgniter.php(951): App\Controllers\Auth->authenticate()
 9 SYSTEMPATH\CodeIgniter.php(497): CodeIgniter\CodeIgniter->runController(Object(App\Controllers\Auth))
10 SYSTEMPATH\CodeIgniter.php(340): CodeIgniter\CodeIgniter->handleRequest(null, Object(Config\Cache), false)
11 SYSTEMPATH\Boot.php(417): CodeIgniter\CodeIgniter->run()
12 SYSTEMPATH\Boot.php(68): CodeIgniter\Boot::runCodeIgniter(Object(CodeIgniter\CodeIgniter))
13 FCPATH\index.php(59): CodeIgniter\Boot::bootWeb(Object(Config\Paths))
14 SYSTEMPATH\rewrite.php(44): require_once('C:\\xampp\\htdocs\\pos_ci4\\public\\index.php')
CRITICAL - 2026-05-02 19:53:38 --> CodeIgniter\Database\Exceptions\DatabaseException: No database selected
[Method: POST, Route: auth/authenticate]
in SYSTEMPATH\Database\BaseConnection.php on line 865.
 1 SYSTEMPATH\Database\BaseBuilder.php(1649): CodeIgniter\Database\BaseConnection->query('SELECT *
FROM `users`
WHERE `username` = :username:
 LIMIT 1', [...], false)
 2 SYSTEMPATH\Model.php(295): CodeIgniter\Database\BaseBuilder->get()
 3 SYSTEMPATH\BaseModel.php(714): CodeIgniter\Model->doFirst()
 4 APPPATH\Controllers\Auth.php(21): CodeIgniter\BaseModel->first()
 5 SYSTEMPATH\CodeIgniter.php(951): App\Controllers\Auth->authenticate()
 6 SYSTEMPATH\CodeIgniter.php(497): CodeIgniter\CodeIgniter->runController(Object(App\Controllers\Auth))
 7 SYSTEMPATH\CodeIgniter.php(340): CodeIgniter\CodeIgniter->handleRequest(null, Object(Config\Cache), false)
 8 SYSTEMPATH\Boot.php(417): CodeIgniter\CodeIgniter->run()
 9 SYSTEMPATH\Boot.php(68): CodeIgniter\Boot::runCodeIgniter(Object(CodeIgniter\CodeIgniter))
10 FCPATH\index.php(59): CodeIgniter\Boot::bootWeb(Object(Config\Paths))
11 SYSTEMPATH\rewrite.php(44): require_once('C:\\xampp\\htdocs\\pos_ci4\\public\\index.php')
CRITICAL - 2026-05-02 19:53:38 --> [Caused by] CodeIgniter\Database\Exceptions\DatabaseException: No database selected
in SYSTEMPATH\Database\MySQLi\Connection.php on line 310.
 1 SYSTEMPATH\Database\BaseConnection.php(910): CodeIgniter\Database\MySQLi\Connection->execute('SELECT *
FROM `users`
WHERE `username` = \'admin1\'
 LIMIT 1')
 2 SYSTEMPATH\Database\BaseConnection.php(827): CodeIgniter\Database\BaseConnection->simpleQuery('SELECT *
FROM `users`
WHERE `username` = \'admin1\'
 LIMIT 1')
 3 SYSTEMPATH\Database\BaseBuilder.php(1649): CodeIgniter\Database\BaseConnection->query('SELECT *
FROM `users`
WHERE `username` = :username:
 LIMIT 1', [...], false)
 4 SYSTEMPATH\Model.php(295): CodeIgniter\Database\BaseBuilder->get()
 5 SYSTEMPATH\BaseModel.php(714): CodeIgniter\Model->doFirst()
 6 APPPATH\Controllers\Auth.php(21): CodeIgniter\BaseModel->first()
 7 SYSTEMPATH\CodeIgniter.php(951): App\Controllers\Auth->authenticate()
 8 SYSTEMPATH\CodeIgniter.php(497): CodeIgniter\CodeIgniter->runController(Object(App\Controllers\Auth))
 9 SYSTEMPATH\CodeIgniter.php(340): CodeIgniter\CodeIgniter->handleRequest(null, Object(Config\Cache), false)
10 SYSTEMPATH\Boot.php(417): CodeIgniter\CodeIgniter->run()
11 SYSTEMPATH\Boot.php(68): CodeIgniter\Boot::runCodeIgniter(Object(CodeIgniter\CodeIgniter))
12 FCPATH\index.php(59): CodeIgniter\Boot::bootWeb(Object(Config\Paths))
13 SYSTEMPATH\rewrite.php(44): require_once('C:\\xampp\\htdocs\\pos_ci4\\public\\index.php')
CRITICAL - 2026-05-02 19:53:38 --> [Caused by] mysqli_sql_exception: No database selected
in SYSTEMPATH\Database\MySQLi\Connection.php on line 300.
 1 SYSTEMPATH\Database\MySQLi\Connection.php(300): mysqli->query('SELECT *
FROM `users`
WHERE `username` = \'admin1\'
 LIMIT 1', 0)
 2 SYSTEMPATH\Database\BaseConnection.php(910): CodeIgniter\Database\MySQLi\Connection->execute('SELECT *
FROM `users`
WHERE `username` = \'admin1\'
 LIMIT 1')
 3 SYSTEMPATH\Database\BaseConnection.php(827): CodeIgniter\Database\BaseConnection->simpleQuery('SELECT *
FROM `users`
WHERE `username` = \'admin1\'
 LIMIT 1')
 4 SYSTEMPATH\Database\BaseBuilder.php(1649): CodeIgniter\Database\BaseConnection->query('SELECT *
FROM `users`
WHERE `username` = :username:
 LIMIT 1', [...], false)
 5 SYSTEMPATH\Model.php(295): CodeIgniter\Database\BaseBuilder->get()
 6 SYSTEMPATH\BaseModel.php(714): CodeIgniter\Model->doFirst()
 7 APPPATH\Controllers\Auth.php(21): CodeIgniter\BaseModel->first()
 8 SYSTEMPATH\CodeIgniter.php(951): App\Controllers\Auth->authenticate()
 9 SYSTEMPATH\CodeIgniter.php(497): CodeIgniter\CodeIgniter->runController(Object(App\Controllers\Auth))
10 SYSTEMPATH\CodeIgniter.php(340): CodeIgniter\CodeIgniter->handleRequest(null, Object(Config\Cache), false)
11 SYSTEMPATH\Boot.php(417): CodeIgniter\CodeIgniter->run()
12 SYSTEMPATH\Boot.php(68): CodeIgniter\Boot::runCodeIgniter(Object(CodeIgniter\CodeIgniter))
13 FCPATH\index.php(59): CodeIgniter\Boot::bootWeb(Object(Config\Paths))
14 SYSTEMPATH\rewrite.php(44): require_once('C:\\xampp\\htdocs\\pos_ci4\\public\\index.php')
DEBUG - 2026-05-02 19:54:19 --> Session: Class initialized using 'CodeIgniter\Session\Handlers\FileHandler' driver.
ERROR - 2026-05-02 19:54:19 --> No database selected
in SYSTEMPATH\Database\MySQLi\Connection.php on line 300.
 1 SYSTEMPATH\Database\MySQLi\Connection.php(300): mysqli->query('SELECT *
FROM `users`
WHERE `username` = \'admin1\'
 LIMIT 1', 0)
 2 SYSTEMPATH\Database\BaseConnection.php(910): CodeIgniter\Database\MySQLi\Connection->execute('SELECT *
FROM `users`
WHERE `username` = \'admin1\'
 LIMIT 1')
 3 SYSTEMPATH\Database\BaseConnection.php(827): CodeIgniter\Database\BaseConnection->simpleQuery('SELECT *
FROM `users`
WHERE `username` = \'admin1\'
 LIMIT 1')
 4 SYSTEMPATH\Database\BaseBuilder.php(1649): CodeIgniter\Database\BaseConnection->query('SELECT *
FROM `users`
WHERE `username` = :username:
 LIMIT 1', [...], false)
 5 SYSTEMPATH\Model.php(295): CodeIgniter\Database\BaseBuilder->get()
 6 SYSTEMPATH\BaseModel.php(714): CodeIgniter\Model->doFirst()
 7 APPPATH\Controllers\Auth.php(21): CodeIgniter\BaseModel->first()
 8 SYSTEMPATH\CodeIgniter.php(951): App\Controllers\Auth->authenticate()
 9 SYSTEMPATH\CodeIgniter.php(497): CodeIgniter\CodeIgniter->runController(Object(App\Controllers\Auth))
10 SYSTEMPATH\CodeIgniter.php(340): CodeIgniter\CodeIgniter->handleRequest(null, Object(Config\Cache), false)
11 SYSTEMPATH\Boot.php(417): CodeIgniter\CodeIgniter->run()
12 SYSTEMPATH\Boot.php(68): CodeIgniter\Boot::runCodeIgniter(Object(CodeIgniter\CodeIgniter))
13 FCPATH\index.php(59): CodeIgniter\Boot::bootWeb(Object(Config\Paths))
14 SYSTEMPATH\rewrite.php(44): require_once('C:\\xampp\\htdocs\\pos_ci4\\public\\index.php')
CRITICAL - 2026-05-02 19:54:19 --> CodeIgniter\Database\Exceptions\DatabaseException: No database selected
[Method: POST, Route: auth/authenticate]
in SYSTEMPATH\Database\BaseConnection.php on line 865.
 1 SYSTEMPATH\Database\BaseBuilder.php(1649): CodeIgniter\Database\BaseConnection->query('SELECT *
FROM `users`
WHERE `username` = :username:
 LIMIT 1', [...], false)
 2 SYSTEMPATH\Model.php(295): CodeIgniter\Database\BaseBuilder->get()
 3 SYSTEMPATH\BaseModel.php(714): CodeIgniter\Model->doFirst()
 4 APPPATH\Controllers\Auth.php(21): CodeIgniter\BaseModel->first()
 5 SYSTEMPATH\CodeIgniter.php(951): App\Controllers\Auth->authenticate()
 6 SYSTEMPATH\CodeIgniter.php(497): CodeIgniter\CodeIgniter->runController(Object(App\Controllers\Auth))
 7 SYSTEMPATH\CodeIgniter.php(340): CodeIgniter\CodeIgniter->handleRequest(null, Object(Config\Cache), false)
 8 SYSTEMPATH\Boot.php(417): CodeIgniter\CodeIgniter->run()
 9 SYSTEMPATH\Boot.php(68): CodeIgniter\Boot::runCodeIgniter(Object(CodeIgniter\CodeIgniter))
10 FCPATH\index.php(59): CodeIgniter\Boot::bootWeb(Object(Config\Paths))
11 SYSTEMPATH\rewrite.php(44): require_once('C:\\xampp\\htdocs\\pos_ci4\\public\\index.php')
CRITICAL - 2026-05-02 19:54:19 --> [Caused by] CodeIgniter\Database\Exceptions\DatabaseException: No database selected
in SYSTEMPATH\Database\MySQLi\Connection.php on line 310.
 1 SYSTEMPATH\Database\BaseConnection.php(910): CodeIgniter\Database\MySQLi\Connection->execute('SELECT *
FROM `users`
WHERE `username` = \'admin1\'
 LIMIT 1')
 2 SYSTEMPATH\Database\BaseConnection.php(827): CodeIgniter\Database\BaseConnection->simpleQuery('SELECT *
FROM `users`
WHERE `username` = \'admin1\'
 LIMIT 1')
 3 SYSTEMPATH\Database\BaseBuilder.php(1649): CodeIgniter\Database\BaseConnection->query('SELECT *
FROM `users`
WHERE `username` = :username:
 LIMIT 1', [...], false)
 4 SYSTEMPATH\Model.php(295): CodeIgniter\Database\BaseBuilder->get()
 5 SYSTEMPATH\BaseModel.php(714): CodeIgniter\Model->doFirst()
 6 APPPATH\Controllers\Auth.php(21): CodeIgniter\BaseModel->first()
 7 SYSTEMPATH\CodeIgniter.php(951): App\Controllers\Auth->authenticate()
 8 SYSTEMPATH\CodeIgniter.php(497): CodeIgniter\CodeIgniter->runController(Object(App\Controllers\Auth))
 9 SYSTEMPATH\CodeIgniter.php(340): CodeIgniter\CodeIgniter->handleRequest(null, Object(Config\Cache), false)
10 SYSTEMPATH\Boot.php(417): CodeIgniter\CodeIgniter->run()
11 SYSTEMPATH\Boot.php(68): CodeIgniter\Boot::runCodeIgniter(Object(CodeIgniter\CodeIgniter))
12 FCPATH\index.php(59): CodeIgniter\Boot::bootWeb(Object(Config\Paths))
13 SYSTEMPATH\rewrite.php(44): require_once('C:\\xampp\\htdocs\\pos_ci4\\public\\index.php')
CRITICAL - 2026-05-02 19:54:19 --> [Caused by] mysqli_sql_exception: No database selected
in SYSTEMPATH\Database\MySQLi\Connection.php on line 300.
 1 SYSTEMPATH\Database\MySQLi\Connection.php(300): mysqli->query('SELECT *
FROM `users`
WHERE `username` = \'admin1\'
 LIMIT 1', 0)
 2 SYSTEMPATH\Database\BaseConnection.php(910): CodeIgniter\Database\MySQLi\Connection->execute('SELECT *
FROM `users`
WHERE `username` = \'admin1\'
 LIMIT 1')
 3 SYSTEMPATH\Database\BaseConnection.php(827): CodeIgniter\Database\BaseConnection->simpleQuery('SELECT *
FROM `users`
WHERE `username` = \'admin1\'
 LIMIT 1')
 4 SYSTEMPATH\Database\BaseBuilder.php(1649): CodeIgniter\Database\BaseConnection->query('SELECT *
FROM `users`
WHERE `username` = :username:
 LIMIT 1', [...], false)
 5 SYSTEMPATH\Model.php(295): CodeIgniter\Database\BaseBuilder->get()
 6 SYSTEMPATH\BaseModel.php(714): CodeIgniter\Model->doFirst()
 7 APPPATH\Controllers\Auth.php(21): CodeIgniter\BaseModel->first()
 8 SYSTEMPATH\CodeIgniter.php(951): App\Controllers\Auth->authenticate()
 9 SYSTEMPATH\CodeIgniter.php(497): CodeIgniter\CodeIgniter->runController(Object(App\Controllers\Auth))
10 SYSTEMPATH\CodeIgniter.php(340): CodeIgniter\CodeIgniter->handleRequest(null, Object(Config\Cache), false)
11 SYSTEMPATH\Boot.php(417): CodeIgniter\CodeIgniter->run()
12 SYSTEMPATH\Boot.php(68): CodeIgniter\Boot::runCodeIgniter(Object(CodeIgniter\CodeIgniter))
13 FCPATH\index.php(59): CodeIgniter\Boot::bootWeb(Object(Config\Paths))
14 SYSTEMPATH\rewrite.php(44): require_once('C:\\xampp\\htdocs\\pos_ci4\\public\\index.php')
DEBUG - 2026-05-02 19:54:23 --> Session: Class initialized using 'CodeIgniter\Session\Handlers\FileHandler' driver.
ERROR - 2026-05-02 19:54:23 --> No database selected
in SYSTEMPATH\Database\MySQLi\Connection.php on line 300.
 1 SYSTEMPATH\Database\MySQLi\Connection.php(300): mysqli->query('SELECT *
FROM `users`
WHERE `username` = \'admin1\'
 LIMIT 1', 0)
 2 SYSTEMPATH\Database\BaseConnection.php(910): CodeIgniter\Database\MySQLi\Connection->execute('SELECT *
FROM `users`
WHERE `username` = \'admin1\'
 LIMIT 1')
 3 SYSTEMPATH\Database\BaseConnection.php(827): CodeIgniter\Database\BaseConnection->simpleQuery('SELECT *
FROM `users`
WHERE `username` = \'admin1\'
 LIMIT 1')
 4 SYSTEMPATH\Database\BaseBuilder.php(1649): CodeIgniter\Database\BaseConnection->query('SELECT *
FROM `users`
WHERE `username` = :username:
 LIMIT 1', [...], false)
 5 SYSTEMPATH\Model.php(295): CodeIgniter\Database\BaseBuilder->get()
 6 SYSTEMPATH\BaseModel.php(714): CodeIgniter\Model->doFirst()
 7 APPPATH\Controllers\Auth.php(21): CodeIgniter\BaseModel->first()
 8 SYSTEMPATH\CodeIgniter.php(951): App\Controllers\Auth->authenticate()
 9 SYSTEMPATH\CodeIgniter.php(497): CodeIgniter\CodeIgniter->runController(Object(App\Controllers\Auth))
10 SYSTEMPATH\CodeIgniter.php(340): CodeIgniter\CodeIgniter->handleRequest(null, Object(Config\Cache), false)
11 SYSTEMPATH\Boot.php(417): CodeIgniter\CodeIgniter->run()
12 SYSTEMPATH\Boot.php(68): CodeIgniter\Boot::runCodeIgniter(Object(CodeIgniter\CodeIgniter))
13 FCPATH\index.php(59): CodeIgniter\Boot::bootWeb(Object(Config\Paths))
14 SYSTEMPATH\rewrite.php(44): require_once('C:\\xampp\\htdocs\\pos_ci4\\public\\index.php')
CRITICAL - 2026-05-02 19:54:23 --> CodeIgniter\Database\Exceptions\DatabaseException: No database selected
[Method: POST, Route: auth/authenticate]
in SYSTEMPATH\Database\BaseConnection.php on line 865.
 1 SYSTEMPATH\Database\BaseBuilder.php(1649): CodeIgniter\Database\BaseConnection->query('SELECT *
FROM `users`
WHERE `username` = :username:
 LIMIT 1', [...], false)
 2 SYSTEMPATH\Model.php(295): CodeIgniter\Database\BaseBuilder->get()
 3 SYSTEMPATH\BaseModel.php(714): CodeIgniter\Model->doFirst()
 4 APPPATH\Controllers\Auth.php(21): CodeIgniter\BaseModel->first()
 5 SYSTEMPATH\CodeIgniter.php(951): App\Controllers\Auth->authenticate()
 6 SYSTEMPATH\CodeIgniter.php(497): CodeIgniter\CodeIgniter->runController(Object(App\Controllers\Auth))
 7 SYSTEMPATH\CodeIgniter.php(340): CodeIgniter\CodeIgniter->handleRequest(null, Object(Config\Cache), false)
 8 SYSTEMPATH\Boot.php(417): CodeIgniter\CodeIgniter->run()
 9 SYSTEMPATH\Boot.php(68): CodeIgniter\Boot::runCodeIgniter(Object(CodeIgniter\CodeIgniter))
10 FCPATH\index.php(59): CodeIgniter\Boot::bootWeb(Object(Config\Paths))
11 SYSTEMPATH\rewrite.php(44): require_once('C:\\xampp\\htdocs\\pos_ci4\\public\\index.php')
CRITICAL - 2026-05-02 19:54:23 --> [Caused by] CodeIgniter\Database\Exceptions\DatabaseException: No database selected
in SYSTEMPATH\Database\MySQLi\Connection.php on line 310.
 1 SYSTEMPATH\Database\BaseConnection.php(910): CodeIgniter\Database\MySQLi\Connection->execute('SELECT *
FROM `users`
WHERE `username` = \'admin1\'
 LIMIT 1')
 2 SYSTEMPATH\Database\BaseConnection.php(827): CodeIgniter\Database\BaseConnection->simpleQuery('SELECT *
FROM `users`
WHERE `username` = \'admin1\'
 LIMIT 1')
 3 SYSTEMPATH\Database\BaseBuilder.php(1649): CodeIgniter\Database\BaseConnection->query('SELECT *
FROM `users`
WHERE `username` = :username:
 LIMIT 1', [...], false)
 4 SYSTEMPATH\Model.php(295): CodeIgniter\Database\BaseBuilder->get()
 5 SYSTEMPATH\BaseModel.php(714): CodeIgniter\Model->doFirst()
 6 APPPATH\Controllers\Auth.php(21): CodeIgniter\BaseModel->first()
 7 SYSTEMPATH\CodeIgniter.php(951): App\Controllers\Auth->authenticate()
 8 SYSTEMPATH\CodeIgniter.php(497): CodeIgniter\CodeIgniter->runController(Object(App\Controllers\Auth))
 9 SYSTEMPATH\CodeIgniter.php(340): CodeIgniter\CodeIgniter->handleRequest(null, Object(Config\Cache), false)
10 SYSTEMPATH\Boot.php(417): CodeIgniter\CodeIgniter->run()
11 SYSTEMPATH\Boot.php(68): CodeIgniter\Boot::runCodeIgniter(Object(CodeIgniter\CodeIgniter))
12 FCPATH\index.php(59): CodeIgniter\Boot::bootWeb(Object(Config\Paths))
13 SYSTEMPATH\rewrite.php(44): require_once('C:\\xampp\\htdocs\\pos_ci4\\public\\index.php')
CRITICAL - 2026-05-02 19:54:23 --> [Caused by] mysqli_sql_exception: No database selected
in SYSTEMPATH\Database\MySQLi\Connection.php on line 300.
 1 SYSTEMPATH\Database\MySQLi\Connection.php(300): mysqli->query('SELECT *
FROM `users`
WHERE `username` = \'admin1\'
 LIMIT 1', 0)
 2 SYSTEMPATH\Database\BaseConnection.php(910): CodeIgniter\Database\MySQLi\Connection->execute('SELECT *
FROM `users`
WHERE `username` = \'admin1\'
 LIMIT 1')
 3 SYSTEMPATH\Database\BaseConnection.php(827): CodeIgniter\Database\BaseConnection->simpleQuery('SELECT *
FROM `users`
WHERE `username` = \'admin1\'
 LIMIT 1')
 4 SYSTEMPATH\Database\BaseBuilder.php(1649): CodeIgniter\Database\BaseConnection->query('SELECT *
FROM `users`
WHERE `username` = :username:
 LIMIT 1', [...], false)
 5 SYSTEMPATH\Model.php(295): CodeIgniter\Database\BaseBuilder->get()
 6 SYSTEMPATH\BaseModel.php(714): CodeIgniter\Model->doFirst()
 7 APPPATH\Controllers\Auth.php(21): CodeIgniter\BaseModel->first()
 8 SYSTEMPATH\CodeIgniter.php(951): App\Controllers\Auth->authenticate()
 9 SYSTEMPATH\CodeIgniter.php(497): CodeIgniter\CodeIgniter->runController(Object(App\Controllers\Auth))
10 SYSTEMPATH\CodeIgniter.php(340): CodeIgniter\CodeIgniter->handleRequest(null, Object(Config\Cache), false)
11 SYSTEMPATH\Boot.php(417): CodeIgniter\CodeIgniter->run()
12 SYSTEMPATH\Boot.php(68): CodeIgniter\Boot::runCodeIgniter(Object(CodeIgniter\CodeIgniter))
13 FCPATH\index.php(59): CodeIgniter\Boot::bootWeb(Object(Config\Paths))
14 SYSTEMPATH\rewrite.php(44): require_once('C:\\xampp\\htdocs\\pos_ci4\\public\\index.php')
DEBUG - 2026-05-02 19:54:45 --> Session: Class initialized using 'CodeIgniter\Session\Handlers\FileHandler' driver.
DEBUG - 2026-05-02 19:54:50 --> Session: Class initialized using 'CodeIgniter\Session\Handlers\FileHandler' driver.
DEBUG - 2026-05-02 19:54:56 --> Session: Class initialized using 'CodeIgniter\Session\Handlers\FileHandler' driver.
ERROR - 2026-05-02 19:54:56 --> No database selected
in SYSTEMPATH\Database\MySQLi\Connection.php on line 300.
 1 SYSTEMPATH\Database\MySQLi\Connection.php(300): mysqli->query('SELECT *
FROM `users`
WHERE `username` = \'admin\'
 LIMIT 1', 0)
 2 SYSTEMPATH\Database\BaseConnection.php(910): CodeIgniter\Database\MySQLi\Connection->execute('SELECT *
FROM `users`
WHERE `username` = \'admin\'
 LIMIT 1')
 3 SYSTEMPATH\Database\BaseConnection.php(827): CodeIgniter\Database\BaseConnection->simpleQuery('SELECT *
FROM `users`
WHERE `username` = \'admin\'
 LIMIT 1')
 4 SYSTEMPATH\Database\BaseBuilder.php(1649): CodeIgniter\Database\BaseConnection->query('SELECT *
FROM `users`
WHERE `username` = :username:
 LIMIT 1', [...], false)
 5 SYSTEMPATH\Model.php(295): CodeIgniter\Database\BaseBuilder->get()
 6 SYSTEMPATH\BaseModel.php(714): CodeIgniter\Model->doFirst()
 7 APPPATH\Controllers\Auth.php(21): CodeIgniter\BaseModel->first()
 8 SYSTEMPATH\CodeIgniter.php(951): App\Controllers\Auth->authenticate()
 9 SYSTEMPATH\CodeIgniter.php(497): CodeIgniter\CodeIgniter->runController(Object(App\Controllers\Auth))
10 SYSTEMPATH\CodeIgniter.php(340): CodeIgniter\CodeIgniter->handleRequest(null, Object(Config\Cache), false)
11 SYSTEMPATH\Boot.php(417): CodeIgniter\CodeIgniter->run()
12 SYSTEMPATH\Boot.php(68): CodeIgniter\Boot::runCodeIgniter(Object(CodeIgniter\CodeIgniter))
13 FCPATH\index.php(59): CodeIgniter\Boot::bootWeb(Object(Config\Paths))
14 SYSTEMPATH\rewrite.php(44): require_once('C:\\xampp\\htdocs\\pos_ci4\\public\\index.php')
CRITICAL - 2026-05-02 19:54:56 --> CodeIgniter\Database\Exceptions\DatabaseException: No database selected
[Method: POST, Route: auth/authenticate]
in SYSTEMPATH\Database\BaseConnection.php on line 865.
 1 SYSTEMPATH\Database\BaseBuilder.php(1649): CodeIgniter\Database\BaseConnection->query('SELECT *
FROM `users`
WHERE `username` = :username:
 LIMIT 1', [...], false)
 2 SYSTEMPATH\Model.php(295): CodeIgniter\Database\BaseBuilder->get()
 3 SYSTEMPATH\BaseModel.php(714): CodeIgniter\Model->doFirst()
 4 APPPATH\Controllers\Auth.php(21): CodeIgniter\BaseModel->first()
 5 SYSTEMPATH\CodeIgniter.php(951): App\Controllers\Auth->authenticate()
 6 SYSTEMPATH\CodeIgniter.php(497): CodeIgniter\CodeIgniter->runController(Object(App\Controllers\Auth))
 7 SYSTEMPATH\CodeIgniter.php(340): CodeIgniter\CodeIgniter->handleRequest(null, Object(Config\Cache), false)
 8 SYSTEMPATH\Boot.php(417): CodeIgniter\CodeIgniter->run()
 9 SYSTEMPATH\Boot.php(68): CodeIgniter\Boot::runCodeIgniter(Object(CodeIgniter\CodeIgniter))
10 FCPATH\index.php(59): CodeIgniter\Boot::bootWeb(Object(Config\Paths))
11 SYSTEMPATH\rewrite.php(44): require_once('C:\\xampp\\htdocs\\pos_ci4\\public\\index.php')
CRITICAL - 2026-05-02 19:54:56 --> [Caused by] CodeIgniter\Database\Exceptions\DatabaseException: No database selected
in SYSTEMPATH\Database\MySQLi\Connection.php on line 310.
 1 SYSTEMPATH\Database\BaseConnection.php(910): CodeIgniter\Database\MySQLi\Connection->execute('SELECT *
FROM `users`
WHERE `username` = \'admin\'
 LIMIT 1')
 2 SYSTEMPATH\Database\BaseConnection.php(827): CodeIgniter\Database\BaseConnection->simpleQuery('SELECT *
FROM `users`
WHERE `username` = \'admin\'
 LIMIT 1')
 3 SYSTEMPATH\Database\BaseBuilder.php(1649): CodeIgniter\Database\BaseConnection->query('SELECT *
FROM `users`
WHERE `username` = :username:
 LIMIT 1', [...], false)
 4 SYSTEMPATH\Model.php(295): CodeIgniter\Database\BaseBuilder->get()
 5 SYSTEMPATH\BaseModel.php(714): CodeIgniter\Model->doFirst()
 6 APPPATH\Controllers\Auth.php(21): CodeIgniter\BaseModel->first()
 7 SYSTEMPATH\CodeIgniter.php(951): App\Controllers\Auth->authenticate()
 8 SYSTEMPATH\CodeIgniter.php(497): CodeIgniter\CodeIgniter->runController(Object(App\Controllers\Auth))
 9 SYSTEMPATH\CodeIgniter.php(340): CodeIgniter\CodeIgniter->handleRequest(null, Object(Config\Cache), false)
10 SYSTEMPATH\Boot.php(417): CodeIgniter\CodeIgniter->run()
11 SYSTEMPATH\Boot.php(68): CodeIgniter\Boot::runCodeIgniter(Object(CodeIgniter\CodeIgniter))
12 FCPATH\index.php(59): CodeIgniter\Boot::bootWeb(Object(Config\Paths))
13 SYSTEMPATH\rewrite.php(44): require_once('C:\\xampp\\htdocs\\pos_ci4\\public\\index.php')
CRITICAL - 2026-05-02 19:54:56 --> [Caused by] mysqli_sql_exception: No database selected
in SYSTEMPATH\Database\MySQLi\Connection.php on line 300.
 1 SYSTEMPATH\Database\MySQLi\Connection.php(300): mysqli->query('SELECT *
FROM `users`
WHERE `username` = \'admin\'
 LIMIT 1', 0)
 2 SYSTEMPATH\Database\BaseConnection.php(910): CodeIgniter\Database\MySQLi\Connection->execute('SELECT *
FROM `users`
WHERE `username` = \'admin\'
 LIMIT 1')
 3 SYSTEMPATH\Database\BaseConnection.php(827): CodeIgniter\Database\BaseConnection->simpleQuery('SELECT *
FROM `users`
WHERE `username` = \'admin\'
 LIMIT 1')
 4 SYSTEMPATH\Database\BaseBuilder.php(1649): CodeIgniter\Database\BaseConnection->query('SELECT *
FROM `users`
WHERE `username` = :username:
 LIMIT 1', [...], false)
 5 SYSTEMPATH\Model.php(295): CodeIgniter\Database\BaseBuilder->get()
 6 SYSTEMPATH\BaseModel.php(714): CodeIgniter\Model->doFirst()
 7 APPPATH\Controllers\Auth.php(21): CodeIgniter\BaseModel->first()
 8 SYSTEMPATH\CodeIgniter.php(951): App\Controllers\Auth->authenticate()
 9 SYSTEMPATH\CodeIgniter.php(497): CodeIgniter\CodeIgniter->runController(Object(App\Controllers\Auth))
10 SYSTEMPATH\CodeIgniter.php(340): CodeIgniter\CodeIgniter->handleRequest(null, Object(Config\Cache), false)
11 SYSTEMPATH\Boot.php(417): CodeIgniter\CodeIgniter->run()
12 SYSTEMPATH\Boot.php(68): CodeIgniter\Boot::runCodeIgniter(Object(CodeIgniter\CodeIgniter))
13 FCPATH\index.php(59): CodeIgniter\Boot::bootWeb(Object(Config\Paths))
14 SYSTEMPATH\rewrite.php(44): require_once('C:\\xampp\\htdocs\\pos_ci4\\public\\index.php')
DEBUG - 2026-05-02 20:00:55 --> Session: Class initialized using 'CodeIgniter\Session\Handlers\FileHandler' driver.
DEBUG - 2026-05-02 20:01:02 --> Session: Class initialized using 'CodeIgniter\Session\Handlers\FileHandler' driver.
ERROR - 2026-05-02 20:01:02 --> No database selected
in SYSTEMPATH\Database\MySQLi\Connection.php on line 300.
 1 SYSTEMPATH\Database\MySQLi\Connection.php(300): mysqli->query('SELECT *
FROM `users`
WHERE `username` = \'admin\'
 LIMIT 1', 0)
 2 SYSTEMPATH\Database\BaseConnection.php(910): CodeIgniter\Database\MySQLi\Connection->execute('SELECT *
FROM `users`
WHERE `username` = \'admin\'
 LIMIT 1')
 3 SYSTEMPATH\Database\BaseConnection.php(827): CodeIgniter\Database\BaseConnection->simpleQuery('SELECT *
FROM `users`
WHERE `username` = \'admin\'
 LIMIT 1')
 4 SYSTEMPATH\Database\BaseBuilder.php(1649): CodeIgniter\Database\BaseConnection->query('SELECT *
FROM `users`
WHERE `username` = :username:
 LIMIT 1', [...], false)
 5 SYSTEMPATH\Model.php(295): CodeIgniter\Database\BaseBuilder->get()
 6 SYSTEMPATH\BaseModel.php(714): CodeIgniter\Model->doFirst()
 7 APPPATH\Controllers\Auth.php(21): CodeIgniter\BaseModel->first()
 8 SYSTEMPATH\CodeIgniter.php(951): App\Controllers\Auth->authenticate()
 9 SYSTEMPATH\CodeIgniter.php(497): CodeIgniter\CodeIgniter->runController(Object(App\Controllers\Auth))
10 SYSTEMPATH\CodeIgniter.php(340): CodeIgniter\CodeIgniter->handleRequest(null, Object(Config\Cache), false)
11 SYSTEMPATH\Boot.php(417): CodeIgniter\CodeIgniter->run()
12 SYSTEMPATH\Boot.php(68): CodeIgniter\Boot::runCodeIgniter(Object(CodeIgniter\CodeIgniter))
13 FCPATH\index.php(59): CodeIgniter\Boot::bootWeb(Object(Config\Paths))
14 SYSTEMPATH\rewrite.php(44): require_once('C:\\xampp\\htdocs\\pos_ci4\\public\\index.php')
CRITICAL - 2026-05-02 20:01:02 --> CodeIgniter\Database\Exceptions\DatabaseException: No database selected
[Method: POST, Route: auth/authenticate]
in SYSTEMPATH\Database\BaseConnection.php on line 865.
 1 SYSTEMPATH\Database\BaseBuilder.php(1649): CodeIgniter\Database\BaseConnection->query('SELECT *
FROM `users`
WHERE `username` = :username:
 LIMIT 1', [...], false)
 2 SYSTEMPATH\Model.php(295): CodeIgniter\Database\BaseBuilder->get()
 3 SYSTEMPATH\BaseModel.php(714): CodeIgniter\Model->doFirst()
 4 APPPATH\Controllers\Auth.php(21): CodeIgniter\BaseModel->first()
 5 SYSTEMPATH\CodeIgniter.php(951): App\Controllers\Auth->authenticate()
 6 SYSTEMPATH\CodeIgniter.php(497): CodeIgniter\CodeIgniter->runController(Object(App\Controllers\Auth))
 7 SYSTEMPATH\CodeIgniter.php(340): CodeIgniter\CodeIgniter->handleRequest(null, Object(Config\Cache), false)
 8 SYSTEMPATH\Boot.php(417): CodeIgniter\CodeIgniter->run()
 9 SYSTEMPATH\Boot.php(68): CodeIgniter\Boot::runCodeIgniter(Object(CodeIgniter\CodeIgniter))
10 FCPATH\index.php(59): CodeIgniter\Boot::bootWeb(Object(Config\Paths))
11 SYSTEMPATH\rewrite.php(44): require_once('C:\\xampp\\htdocs\\pos_ci4\\public\\index.php')
CRITICAL - 2026-05-02 20:01:03 --> [Caused by] CodeIgniter\Database\Exceptions\DatabaseException: No database selected
in SYSTEMPATH\Database\MySQLi\Connection.php on line 310.
 1 SYSTEMPATH\Database\BaseConnection.php(910): CodeIgniter\Database\MySQLi\Connection->execute('SELECT *
FROM `users`
WHERE `username` = \'admin\'
 LIMIT 1')
 2 SYSTEMPATH\Database\BaseConnection.php(827): CodeIgniter\Database\BaseConnection->simpleQuery('SELECT *
FROM `users`
WHERE `username` = \'admin\'
 LIMIT 1')
 3 SYSTEMPATH\Database\BaseBuilder.php(1649): CodeIgniter\Database\BaseConnection->query('SELECT *
FROM `users`
WHERE `username` = :username:
 LIMIT 1', [...], false)
 4 SYSTEMPATH\Model.php(295): CodeIgniter\Database\BaseBuilder->get()
 5 SYSTEMPATH\BaseModel.php(714): CodeIgniter\Model->doFirst()
 6 APPPATH\Controllers\Auth.php(21): CodeIgniter\BaseModel->first()
 7 SYSTEMPATH\CodeIgniter.php(951): App\Controllers\Auth->authenticate()
 8 SYSTEMPATH\CodeIgniter.php(497): CodeIgniter\CodeIgniter->runController(Object(App\Controllers\Auth))
 9 SYSTEMPATH\CodeIgniter.php(340): CodeIgniter\CodeIgniter->handleRequest(null, Object(Config\Cache), false)
10 SYSTEMPATH\Boot.php(417): CodeIgniter\CodeIgniter->run()
11 SYSTEMPATH\Boot.php(68): CodeIgniter\Boot::runCodeIgniter(Object(CodeIgniter\CodeIgniter))
12 FCPATH\index.php(59): CodeIgniter\Boot::bootWeb(Object(Config\Paths))
13 SYSTEMPATH\rewrite.php(44): require_once('C:\\xampp\\htdocs\\pos_ci4\\public\\index.php')
CRITICAL - 2026-05-02 20:01:03 --> [Caused by] mysqli_sql_exception: No database selected
in SYSTEMPATH\Database\MySQLi\Connection.php on line 300.
 1 SYSTEMPATH\Database\MySQLi\Connection.php(300): mysqli->query('SELECT *
FROM `users`
WHERE `username` = \'admin\'
 LIMIT 1', 0)
 2 SYSTEMPATH\Database\BaseConnection.php(910): CodeIgniter\Database\MySQLi\Connection->execute('SELECT *
FROM `users`
WHERE `username` = \'admin\'
 LIMIT 1')
 3 SYSTEMPATH\Database\BaseConnection.php(827): CodeIgniter\Database\BaseConnection->simpleQuery('SELECT *
FROM `users`
WHERE `username` = \'admin\'
 LIMIT 1')
 4 SYSTEMPATH\Database\BaseBuilder.php(1649): CodeIgniter\Database\BaseConnection->query('SELECT *
FROM `users`
WHERE `username` = :username:
 LIMIT 1', [...], false)
 5 SYSTEMPATH\Model.php(295): CodeIgniter\Database\BaseBuilder->get()
 6 SYSTEMPATH\BaseModel.php(714): CodeIgniter\Model->doFirst()
 7 APPPATH\Controllers\Auth.php(21): CodeIgniter\BaseModel->first()
 8 SYSTEMPATH\CodeIgniter.php(951): App\Controllers\Auth->authenticate()
 9 SYSTEMPATH\CodeIgniter.php(497): CodeIgniter\CodeIgniter->runController(Object(App\Controllers\Auth))
10 SYSTEMPATH\CodeIgniter.php(340): CodeIgniter\CodeIgniter->handleRequest(null, Object(Config\Cache), false)
11 SYSTEMPATH\Boot.php(417): CodeIgniter\CodeIgniter->run()
12 SYSTEMPATH\Boot.php(68): CodeIgniter\Boot::runCodeIgniter(Object(CodeIgniter\CodeIgniter))
13 FCPATH\index.php(59): CodeIgniter\Boot::bootWeb(Object(Config\Paths))
14 SYSTEMPATH\rewrite.php(44): require_once('C:\\xampp\\htdocs\\pos_ci4\\public\\index.php')
DEBUG - 2026-05-02 20:02:59 --> Session: Class initialized using 'CodeIgniter\Session\Handlers\FileHandler' driver.
DEBUG - 2026-05-02 20:03:03 --> Session: Class initialized using 'CodeIgniter\Session\Handlers\FileHandler' driver.
DEBUG - 2026-05-02 20:03:06 --> Session: Class initialized using 'CodeIgniter\Session\Handlers\FileHandler' driver.
ERROR - 2026-05-02 20:03:06 --> No database selected
in SYSTEMPATH\Database\MySQLi\Connection.php on line 300.
 1 SYSTEMPATH\Database\MySQLi\Connection.php(300): mysqli->query('SELECT *
FROM `users`
WHERE `username` = \'admin\'
 LIMIT 1', 0)
 2 SYSTEMPATH\Database\BaseConnection.php(910): CodeIgniter\Database\MySQLi\Connection->execute('SELECT *
FROM `users`
WHERE `username` = \'admin\'
 LIMIT 1')
 3 SYSTEMPATH\Database\BaseConnection.php(827): CodeIgniter\Database\BaseConnection->simpleQuery('SELECT *
FROM `users`
WHERE `username` = \'admin\'
 LIMIT 1')
 4 SYSTEMPATH\Database\BaseBuilder.php(1649): CodeIgniter\Database\BaseConnection->query('SELECT *
FROM `users`
WHERE `username` = :username:
 LIMIT 1', [...], false)
 5 SYSTEMPATH\Model.php(295): CodeIgniter\Database\BaseBuilder->get()
 6 SYSTEMPATH\BaseModel.php(714): CodeIgniter\Model->doFirst()
 7 APPPATH\Controllers\Auth.php(21): CodeIgniter\BaseModel->first()
 8 SYSTEMPATH\CodeIgniter.php(951): App\Controllers\Auth->authenticate()
 9 SYSTEMPATH\CodeIgniter.php(497): CodeIgniter\CodeIgniter->runController(Object(App\Controllers\Auth))
10 SYSTEMPATH\CodeIgniter.php(340): CodeIgniter\CodeIgniter->handleRequest(null, Object(Config\Cache), false)
11 SYSTEMPATH\Boot.php(417): CodeIgniter\CodeIgniter->run()
12 SYSTEMPATH\Boot.php(68): CodeIgniter\Boot::runCodeIgniter(Object(CodeIgniter\CodeIgniter))
13 FCPATH\index.php(59): CodeIgniter\Boot::bootWeb(Object(Config\Paths))
14 SYSTEMPATH\rewrite.php(44): require_once('C:\\xampp\\htdocs\\pos_ci4\\public\\index.php')
CRITICAL - 2026-05-02 20:03:06 --> CodeIgniter\Database\Exceptions\DatabaseException: No database selected
[Method: POST, Route: auth/authenticate]
in SYSTEMPATH\Database\BaseConnection.php on line 865.
 1 SYSTEMPATH\Database\BaseBuilder.php(1649): CodeIgniter\Database\BaseConnection->query('SELECT *
FROM `users`
WHERE `username` = :username:
 LIMIT 1', [...], false)
 2 SYSTEMPATH\Model.php(295): CodeIgniter\Database\BaseBuilder->get()
 3 SYSTEMPATH\BaseModel.php(714): CodeIgniter\Model->doFirst()
 4 APPPATH\Controllers\Auth.php(21): CodeIgniter\BaseModel->first()
 5 SYSTEMPATH\CodeIgniter.php(951): App\Controllers\Auth->authenticate()
 6 SYSTEMPATH\CodeIgniter.php(497): CodeIgniter\CodeIgniter->runController(Object(App\Controllers\Auth))
 7 SYSTEMPATH\CodeIgniter.php(340): CodeIgniter\CodeIgniter->handleRequest(null, Object(Config\Cache), false)
 8 SYSTEMPATH\Boot.php(417): CodeIgniter\CodeIgniter->run()
 9 SYSTEMPATH\Boot.php(68): CodeIgniter\Boot::runCodeIgniter(Object(CodeIgniter\CodeIgniter))
10 FCPATH\index.php(59): CodeIgniter\Boot::bootWeb(Object(Config\Paths))
11 SYSTEMPATH\rewrite.php(44): require_once('C:\\xampp\\htdocs\\pos_ci4\\public\\index.php')
CRITICAL - 2026-05-02 20:03:06 --> [Caused by] CodeIgniter\Database\Exceptions\DatabaseException: No database selected
in SYSTEMPATH\Database\MySQLi\Connection.php on line 310.
 1 SYSTEMPATH\Database\BaseConnection.php(910): CodeIgniter\Database\MySQLi\Connection->execute('SELECT *
FROM `users`
WHERE `username` = \'admin\'
 LIMIT 1')
 2 SYSTEMPATH\Database\BaseConnection.php(827): CodeIgniter\Database\BaseConnection->simpleQuery('SELECT *
FROM `users`
WHERE `username` = \'admin\'
 LIMIT 1')
 3 SYSTEMPATH\Database\BaseBuilder.php(1649): CodeIgniter\Database\BaseConnection->query('SELECT *
FROM `users`
WHERE `username` = :username:
 LIMIT 1', [...], false)
 4 SYSTEMPATH\Model.php(295): CodeIgniter\Database\BaseBuilder->get()
 5 SYSTEMPATH\BaseModel.php(714): CodeIgniter\Model->doFirst()
 6 APPPATH\Controllers\Auth.php(21): CodeIgniter\BaseModel->first()
 7 SYSTEMPATH\CodeIgniter.php(951): App\Controllers\Auth->authenticate()
 8 SYSTEMPATH\CodeIgniter.php(497): CodeIgniter\CodeIgniter->runController(Object(App\Controllers\Auth))
 9 SYSTEMPATH\CodeIgniter.php(340): CodeIgniter\CodeIgniter->handleRequest(null, Object(Config\Cache), false)
10 SYSTEMPATH\Boot.php(417): CodeIgniter\CodeIgniter->run()
11 SYSTEMPATH\Boot.php(68): CodeIgniter\Boot::runCodeIgniter(Object(CodeIgniter\CodeIgniter))
12 FCPATH\index.php(59): CodeIgniter\Boot::bootWeb(Object(Config\Paths))
13 SYSTEMPATH\rewrite.php(44): require_once('C:\\xampp\\htdocs\\pos_ci4\\public\\index.php')
CRITICAL - 2026-05-02 20:03:06 --> [Caused by] mysqli_sql_exception: No database selected
in SYSTEMPATH\Database\MySQLi\Connection.php on line 300.
 1 SYSTEMPATH\Database\MySQLi\Connection.php(300): mysqli->query('SELECT *
FROM `users`
WHERE `username` = \'admin\'
 LIMIT 1', 0)
 2 SYSTEMPATH\Database\BaseConnection.php(910): CodeIgniter\Database\MySQLi\Connection->execute('SELECT *
FROM `users`
WHERE `username` = \'admin\'
 LIMIT 1')
 3 SYSTEMPATH\Database\BaseConnection.php(827): CodeIgniter\Database\BaseConnection->simpleQuery('SELECT *
FROM `users`
WHERE `username` = \'admin\'
 LIMIT 1')
 4 SYSTEMPATH\Database\BaseBuilder.php(1649): CodeIgniter\Database\BaseConnection->query('SELECT *
FROM `users`
WHERE `username` = :username:
 LIMIT 1', [...], false)
 5 SYSTEMPATH\Model.php(295): CodeIgniter\Database\BaseBuilder->get()
 6 SYSTEMPATH\BaseModel.php(714): CodeIgniter\Model->doFirst()
 7 APPPATH\Controllers\Auth.php(21): CodeIgniter\BaseModel->first()
 8 SYSTEMPATH\CodeIgniter.php(951): App\Controllers\Auth->authenticate()
 9 SYSTEMPATH\CodeIgniter.php(497): CodeIgniter\CodeIgniter->runController(Object(App\Controllers\Auth))
10 SYSTEMPATH\CodeIgniter.php(340): CodeIgniter\CodeIgniter->handleRequest(null, Object(Config\Cache), false)
11 SYSTEMPATH\Boot.php(417): CodeIgniter\CodeIgniter->run()
12 SYSTEMPATH\Boot.php(68): CodeIgniter\Boot::runCodeIgniter(Object(CodeIgniter\CodeIgniter))
13 FCPATH\index.php(59): CodeIgniter\Boot::bootWeb(Object(Config\Paths))
14 SYSTEMPATH\rewrite.php(44): require_once('C:\\xampp\\htdocs\\pos_ci4\\public\\index.php')
CRITICAL - 2026-05-02 20:12:46 --> ParseError: syntax error, unexpected token "/"
[Method: GET, Route: dashboard]
in APPPATH\Controllers\Dashboard.php on line 13.
 1 SYSTEMPATH\Autoloader\Autoloader.php(295): CodeIgniter\Autoloader\Autoloader->includeFile('C:\\xampp\\htdocs\\pos_ci4\\app\\Controllers\\Dashboard.php')
 2 SYSTEMPATH\Autoloader\Autoloader.php(271): CodeIgniter\Autoloader\Autoloader->loadInNamespace('App\\Controllers\\Dashboard')
 3 [internal function]: CodeIgniter\Autoloader\Autoloader->loadClass('App\\Controllers\\Dashboard')
 4 SYSTEMPATH\Router\Router.php(792): class_exists('\\App\\Controllers\\Dashboard')
 5 SYSTEMPATH\Router\Router.php(230): CodeIgniter\Router\Router->processRouteAttributes()
 6 SYSTEMPATH\CodeIgniter.php(829): CodeIgniter\Router\Router->handle('dashboard')
 7 SYSTEMPATH\CodeIgniter.php(441): CodeIgniter\CodeIgniter->tryToRouteIt(Object(CodeIgniter\Router\RouteCollection))
 8 SYSTEMPATH\CodeIgniter.php(340): CodeIgniter\CodeIgniter->handleRequest(null, Object(Config\Cache), false)
 9 SYSTEMPATH\Boot.php(417): CodeIgniter\CodeIgniter->run()
10 SYSTEMPATH\Boot.php(68): CodeIgniter\Boot::runCodeIgniter(Object(CodeIgniter\CodeIgniter))
11 FCPATH\index.php(59): CodeIgniter\Boot::bootWeb(Object(Config\Paths))
12 SYSTEMPATH\rewrite.php(44): require_once('C:\\xampp\\htdocs\\pos_ci4\\public\\index.php')
CRITICAL - 2026-05-02 20:13:26 --> ParseError: syntax error, unexpected token "/"
[Method: GET, Route: dashboard]
in APPPATH\Controllers\Dashboard.php on line 13.
 1 SYSTEMPATH\Autoloader\Autoloader.php(295): CodeIgniter\Autoloader\Autoloader->includeFile('C:\\xampp\\htdocs\\pos_ci4\\app\\Controllers\\Dashboard.php')
 2 SYSTEMPATH\Autoloader\Autoloader.php(271): CodeIgniter\Autoloader\Autoloader->loadInNamespace('App\\Controllers\\Dashboard')
 3 [internal function]: CodeIgniter\Autoloader\Autoloader->loadClass('App\\Controllers\\Dashboard')
 4 SYSTEMPATH\Router\Router.php(792): class_exists('\\App\\Controllers\\Dashboard')
 5 SYSTEMPATH\Router\Router.php(230): CodeIgniter\Router\Router->processRouteAttributes()
 6 SYSTEMPATH\CodeIgniter.php(829): CodeIgniter\Router\Router->handle('dashboard')
 7 SYSTEMPATH\CodeIgniter.php(441): CodeIgniter\CodeIgniter->tryToRouteIt(Object(CodeIgniter\Router\RouteCollection))
 8 SYSTEMPATH\CodeIgniter.php(340): CodeIgniter\CodeIgniter->handleRequest(null, Object(Config\Cache), false)
 9 SYSTEMPATH\Boot.php(417): CodeIgniter\CodeIgniter->run()
10 SYSTEMPATH\Boot.php(68): CodeIgniter\Boot::runCodeIgniter(Object(CodeIgniter\CodeIgniter))
11 FCPATH\index.php(59): CodeIgniter\Boot::bootWeb(Object(Config\Paths))
12 SYSTEMPATH\rewrite.php(44): require_once('C:\\xampp\\htdocs\\pos_ci4\\public\\index.php')
CRITICAL - 2026-05-02 20:14:15 --> ParseError: syntax error, unexpected token "/"
[Method: GET, Route: dashboard]
in APPPATH\Controllers\Dashboard.php on line 13.
 1 SYSTEMPATH\Autoloader\Autoloader.php(295): CodeIgniter\Autoloader\Autoloader->includeFile('C:\\xampp\\htdocs\\pos_ci4\\app\\Controllers\\Dashboard.php')
 2 SYSTEMPATH\Autoloader\Autoloader.php(271): CodeIgniter\Autoloader\Autoloader->loadInNamespace('App\\Controllers\\Dashboard')
 3 [internal function]: CodeIgniter\Autoloader\Autoloader->loadClass('App\\Controllers\\Dashboard')
 4 SYSTEMPATH\Router\Router.php(792): class_exists('\\App\\Controllers\\Dashboard')
 5 SYSTEMPATH\Router\Router.php(230): CodeIgniter\Router\Router->processRouteAttributes()
 6 SYSTEMPATH\CodeIgniter.php(829): CodeIgniter\Router\Router->handle('dashboard')
 7 SYSTEMPATH\CodeIgniter.php(441): CodeIgniter\CodeIgniter->tryToRouteIt(Object(CodeIgniter\Router\RouteCollection))
 8 SYSTEMPATH\CodeIgniter.php(340): CodeIgniter\CodeIgniter->handleRequest(null, Object(Config\Cache), false)
 9 SYSTEMPATH\Boot.php(417): CodeIgniter\CodeIgniter->run()
10 SYSTEMPATH\Boot.php(68): CodeIgniter\Boot::runCodeIgniter(Object(CodeIgniter\CodeIgniter))
11 FCPATH\index.php(59): CodeIgniter\Boot::bootWeb(Object(Config\Paths))
12 SYSTEMPATH\rewrite.php(44): require_once('C:\\xampp\\htdocs\\pos_ci4\\public\\index.php')
CRITICAL - 2026-05-02 20:14:17 --> ParseError: syntax error, unexpected token "/"
[Method: GET, Route: dashboard]
in APPPATH\Controllers\Dashboard.php on line 13.
 1 SYSTEMPATH\Autoloader\Autoloader.php(295): CodeIgniter\Autoloader\Autoloader->includeFile('C:\\xampp\\htdocs\\pos_ci4\\app\\Controllers\\Dashboard.php')
 2 SYSTEMPATH\Autoloader\Autoloader.php(271): CodeIgniter\Autoloader\Autoloader->loadInNamespace('App\\Controllers\\Dashboard')
 3 [internal function]: CodeIgniter\Autoloader\Autoloader->loadClass('App\\Controllers\\Dashboard')
 4 SYSTEMPATH\Router\Router.php(792): class_exists('\\App\\Controllers\\Dashboard')
 5 SYSTEMPATH\Router\Router.php(230): CodeIgniter\Router\Router->processRouteAttributes()
 6 SYSTEMPATH\CodeIgniter.php(829): CodeIgniter\Router\Router->handle('dashboard')
 7 SYSTEMPATH\CodeIgniter.php(441): CodeIgniter\CodeIgniter->tryToRouteIt(Object(CodeIgniter\Router\RouteCollection))
 8 SYSTEMPATH\CodeIgniter.php(340): CodeIgniter\CodeIgniter->handleRequest(null, Object(Config\Cache), false)
 9 SYSTEMPATH\Boot.php(417): CodeIgniter\CodeIgniter->run()
10 SYSTEMPATH\Boot.php(68): CodeIgniter\Boot::runCodeIgniter(Object(CodeIgniter\CodeIgniter))
11 FCPATH\index.php(59): CodeIgniter\Boot::bootWeb(Object(Config\Paths))
12 SYSTEMPATH\rewrite.php(44): require_once('C:\\xampp\\htdocs\\pos_ci4\\public\\index.php')
CRITICAL - 2026-05-02 20:14:33 --> ErrorException: Undefined variable $ventasHoy
[Method: GET, Route: dashboard]
in APPPATH\Controllers\Dashboard.php on line 14.
 1 APPPATH\Controllers\Dashboard.php(14): CodeIgniter\Debug\Exceptions->errorHandler(2, 'Undefined variable $ventasHoy', 'C:\\xampp\\htdocs\\pos_ci4\\app\\Controllers\\Dashboard.php', 14)
 2 SYSTEMPATH\CodeIgniter.php(951): App\Controllers\Dashboard->index()
 3 SYSTEMPATH\CodeIgniter.php(497): CodeIgniter\CodeIgniter->runController(Object(App\Controllers\Dashboard))
 4 SYSTEMPATH\CodeIgniter.php(340): CodeIgniter\CodeIgniter->handleRequest(null, Object(Config\Cache), false)
 5 SYSTEMPATH\Boot.php(417): CodeIgniter\CodeIgniter->run()
 6 SYSTEMPATH\Boot.php(68): CodeIgniter\Boot::runCodeIgniter(Object(CodeIgniter\CodeIgniter))
 7 FCPATH\index.php(59): CodeIgniter\Boot::bootWeb(Object(Config\Paths))
 8 SYSTEMPATH\rewrite.php(44): require_once('C:\\xampp\\htdocs\\pos_ci4\\public\\index.php')
DEBUG - 2026-05-02 20:15:43 --> Session: Class initialized using 'CodeIgniter\Session\Handlers\FileHandler' driver.
ERROR - 2026-05-02 20:16:02 --> No database selected
in SYSTEMPATH\Database\MySQLi\Connection.php on line 300.
 1 SYSTEMPATH\Database\MySQLi\Connection.php(300): mysqli->query('SELECT *
FROM `productos`', 0)
 2 SYSTEMPATH\Database\BaseConnection.php(910): CodeIgniter\Database\MySQLi\Connection->execute('SELECT *
FROM `productos`')
 3 SYSTEMPATH\Database\BaseConnection.php(827): CodeIgniter\Database\BaseConnection->simpleQuery('SELECT *
FROM `productos`')
 4 SYSTEMPATH\Database\BaseBuilder.php(1649): CodeIgniter\Database\BaseConnection->query('SELECT *
FROM `productos`', [], false)
 5 SYSTEMPATH\Model.php(253): CodeIgniter\Database\BaseBuilder->get()
 6 SYSTEMPATH\BaseModel.php(676): CodeIgniter\Model->doFindAll(0, 0)
 7 APPPATH\Controllers\Productos.php(14): CodeIgniter\BaseModel->findAll()
 8 SYSTEMPATH\CodeIgniter.php(951): App\Controllers\Productos->index()
 9 SYSTEMPATH\CodeIgniter.php(497): CodeIgniter\CodeIgniter->runController(Object(App\Controllers\Productos))
10 SYSTEMPATH\CodeIgniter.php(340): CodeIgniter\CodeIgniter->handleRequest(null, Object(Config\Cache), false)
11 SYSTEMPATH\Boot.php(417): CodeIgniter\CodeIgniter->run()
12 SYSTEMPATH\Boot.php(68): CodeIgniter\Boot::runCodeIgniter(Object(CodeIgniter\CodeIgniter))
13 FCPATH\index.php(59): CodeIgniter\Boot::bootWeb(Object(Config\Paths))
14 SYSTEMPATH\rewrite.php(44): require_once('C:\\xampp\\htdocs\\pos_ci4\\public\\index.php')
CRITICAL - 2026-05-02 20:16:02 --> CodeIgniter\Database\Exceptions\DatabaseException: No database selected
[Method: GET, Route: productos]
in SYSTEMPATH\Database\BaseConnection.php on line 865.
 1 SYSTEMPATH\Database\BaseBuilder.php(1649): CodeIgniter\Database\BaseConnection->query('SELECT *
FROM `productos`', [], false)
 2 SYSTEMPATH\Model.php(253): CodeIgniter\Database\BaseBuilder->get()
 3 SYSTEMPATH\BaseModel.php(676): CodeIgniter\Model->doFindAll(0, 0)
 4 APPPATH\Controllers\Productos.php(14): CodeIgniter\BaseModel->findAll()
 5 SYSTEMPATH\CodeIgniter.php(951): App\Controllers\Productos->index()
 6 SYSTEMPATH\CodeIgniter.php(497): CodeIgniter\CodeIgniter->runController(Object(App\Controllers\Productos))
 7 SYSTEMPATH\CodeIgniter.php(340): CodeIgniter\CodeIgniter->handleRequest(null, Object(Config\Cache), false)
 8 SYSTEMPATH\Boot.php(417): CodeIgniter\CodeIgniter->run()
 9 SYSTEMPATH\Boot.php(68): CodeIgniter\Boot::runCodeIgniter(Object(CodeIgniter\CodeIgniter))
10 FCPATH\index.php(59): CodeIgniter\Boot::bootWeb(Object(Config\Paths))
11 SYSTEMPATH\rewrite.php(44): require_once('C:\\xampp\\htdocs\\pos_ci4\\public\\index.php')
CRITICAL - 2026-05-02 20:16:02 --> [Caused by] CodeIgniter\Database\Exceptions\DatabaseException: No database selected
in SYSTEMPATH\Database\MySQLi\Connection.php on line 310.
 1 SYSTEMPATH\Database\BaseConnection.php(910): CodeIgniter\Database\MySQLi\Connection->execute('SELECT *
FROM `productos`')
 2 SYSTEMPATH\Database\BaseConnection.php(827): CodeIgniter\Database\BaseConnection->simpleQuery('SELECT *
FROM `productos`')
 3 SYSTEMPATH\Database\BaseBuilder.php(1649): CodeIgniter\Database\BaseConnection->query('SELECT *
FROM `productos`', [], false)
 4 SYSTEMPATH\Model.php(253): CodeIgniter\Database\BaseBuilder->get()
 5 SYSTEMPATH\BaseModel.php(676): CodeIgniter\Model->doFindAll(0, 0)
 6 APPPATH\Controllers\Productos.php(14): CodeIgniter\BaseModel->findAll()
 7 SYSTEMPATH\CodeIgniter.php(951): App\Controllers\Productos->index()
 8 SYSTEMPATH\CodeIgniter.php(497): CodeIgniter\CodeIgniter->runController(Object(App\Controllers\Productos))
 9 SYSTEMPATH\CodeIgniter.php(340): CodeIgniter\CodeIgniter->handleRequest(null, Object(Config\Cache), false)
10 SYSTEMPATH\Boot.php(417): CodeIgniter\CodeIgniter->run()
11 SYSTEMPATH\Boot.php(68): CodeIgniter\Boot::runCodeIgniter(Object(CodeIgniter\CodeIgniter))
12 FCPATH\index.php(59): CodeIgniter\Boot::bootWeb(Object(Config\Paths))
13 SYSTEMPATH\rewrite.php(44): require_once('C:\\xampp\\htdocs\\pos_ci4\\public\\index.php')
CRITICAL - 2026-05-02 20:16:02 --> [Caused by] mysqli_sql_exception: No database selected
in SYSTEMPATH\Database\MySQLi\Connection.php on line 300.
 1 SYSTEMPATH\Database\MySQLi\Connection.php(300): mysqli->query('SELECT *
FROM `productos`', 0)
 2 SYSTEMPATH\Database\BaseConnection.php(910): CodeIgniter\Database\MySQLi\Connection->execute('SELECT *
FROM `productos`')
 3 SYSTEMPATH\Database\BaseConnection.php(827): CodeIgniter\Database\BaseConnection->simpleQuery('SELECT *
FROM `productos`')
 4 SYSTEMPATH\Database\BaseBuilder.php(1649): CodeIgniter\Database\BaseConnection->query('SELECT *
FROM `productos`', [], false)
 5 SYSTEMPATH\Model.php(253): CodeIgniter\Database\BaseBuilder->get()
 6 SYSTEMPATH\BaseModel.php(676): CodeIgniter\Model->doFindAll(0, 0)
 7 APPPATH\Controllers\Productos.php(14): CodeIgniter\BaseModel->findAll()
 8 SYSTEMPATH\CodeIgniter.php(951): App\Controllers\Productos->index()
 9 SYSTEMPATH\CodeIgniter.php(497): CodeIgniter\CodeIgniter->runController(Object(App\Controllers\Productos))
10 SYSTEMPATH\CodeIgniter.php(340): CodeIgniter\CodeIgniter->handleRequest(null, Object(Config\Cache), false)
11 SYSTEMPATH\Boot.php(417): CodeIgniter\CodeIgniter->run()
12 SYSTEMPATH\Boot.php(68): CodeIgniter\Boot::runCodeIgniter(Object(CodeIgniter\CodeIgniter))
13 FCPATH\index.php(59): CodeIgniter\Boot::bootWeb(Object(Config\Paths))
14 SYSTEMPATH\rewrite.php(44): require_once('C:\\xampp\\htdocs\\pos_ci4\\public\\index.php')
DEBUG - 2026-05-02 20:16:07 --> Session: Class initialized using 'CodeIgniter\Session\Handlers\FileHandler' driver.
ERROR - 2026-05-02 20:16:09 --> No database selected
in SYSTEMPATH\Database\MySQLi\Connection.php on line 300.
 1 SYSTEMPATH\Database\MySQLi\Connection.php(300): mysqli->query('SELECT `compras`.*, `proveedores`.`nombre` as `proveedor`
FROM `compras`
JOIN `proveedores` ON `proveedores`.`id` = `compras`.`id_proveedor`', 0)
 2 SYSTEMPATH\Database\BaseConnection.php(910): CodeIgniter\Database\MySQLi\Connection->execute('SELECT `compras`.*, `proveedores`.`nombre` as `proveedor`
FROM `compras`
JOIN `proveedores` ON `proveedores`.`id` = `compras`.`id_proveedor`')
 3 SYSTEMPATH\Database\BaseConnection.php(827): CodeIgniter\Database\BaseConnection->simpleQuery('SELECT `compras`.*, `proveedores`.`nombre` as `proveedor`
FROM `compras`
JOIN `proveedores` ON `proveedores`.`id` = `compras`.`id_proveedor`')
 4 SYSTEMPATH\Database\BaseBuilder.php(1649): CodeIgniter\Database\BaseConnection->query('SELECT `compras`.*, `proveedores`.`nombre` as `proveedor`
FROM `compras`
JOIN `proveedores` ON `proveedores`.`id` = `compras`.`id_proveedor`', [], false)
 5 SYSTEMPATH\Model.php(253): CodeIgniter\Database\BaseBuilder->get()
 6 SYSTEMPATH\BaseModel.php(676): CodeIgniter\Model->doFindAll(0, 0)
 7 APPPATH\Controllers\Compras.php(17): CodeIgniter\BaseModel->findAll()
 8 SYSTEMPATH\CodeIgniter.php(951): App\Controllers\Compras->index()
 9 SYSTEMPATH\CodeIgniter.php(497): CodeIgniter\CodeIgniter->runController(Object(App\Controllers\Compras))
10 SYSTEMPATH\CodeIgniter.php(340): CodeIgniter\CodeIgniter->handleRequest(null, Object(Config\Cache), false)
11 SYSTEMPATH\Boot.php(417): CodeIgniter\CodeIgniter->run()
12 SYSTEMPATH\Boot.php(68): CodeIgniter\Boot::runCodeIgniter(Object(CodeIgniter\CodeIgniter))
13 FCPATH\index.php(59): CodeIgniter\Boot::bootWeb(Object(Config\Paths))
14 SYSTEMPATH\rewrite.php(44): require_once('C:\\xampp\\htdocs\\pos_ci4\\public\\index.php')
CRITICAL - 2026-05-02 20:16:09 --> CodeIgniter\Database\Exceptions\DatabaseException: No database selected
[Method: GET, Route: compras]
in SYSTEMPATH\Database\BaseConnection.php on line 865.
 1 SYSTEMPATH\Database\BaseBuilder.php(1649): CodeIgniter\Database\BaseConnection->query('SELECT `compras`.*, `proveedores`.`nombre` as `proveedor`
FROM `compras`
JOIN `proveedores` ON `proveedores`.`id` = `compras`.`id_proveedor`', [], false)
 2 SYSTEMPATH\Model.php(253): CodeIgniter\Database\BaseBuilder->get()
 3 SYSTEMPATH\BaseModel.php(676): CodeIgniter\Model->doFindAll(0, 0)
 4 APPPATH\Controllers\Compras.php(17): CodeIgniter\BaseModel->findAll()
 5 SYSTEMPATH\CodeIgniter.php(951): App\Controllers\Compras->index()
 6 SYSTEMPATH\CodeIgniter.php(497): CodeIgniter\CodeIgniter->runController(Object(App\Controllers\Compras))
 7 SYSTEMPATH\CodeIgniter.php(340): CodeIgniter\CodeIgniter->handleRequest(null, Object(Config\Cache), false)
 8 SYSTEMPATH\Boot.php(417): CodeIgniter\CodeIgniter->run()
 9 SYSTEMPATH\Boot.php(68): CodeIgniter\Boot::runCodeIgniter(Object(CodeIgniter\CodeIgniter))
10 FCPATH\index.php(59): CodeIgniter\Boot::bootWeb(Object(Config\Paths))
11 SYSTEMPATH\rewrite.php(44): require_once('C:\\xampp\\htdocs\\pos_ci4\\public\\index.php')
CRITICAL - 2026-05-02 20:16:09 --> [Caused by] CodeIgniter\Database\Exceptions\DatabaseException: No database selected
in SYSTEMPATH\Database\MySQLi\Connection.php on line 310.
 1 SYSTEMPATH\Database\BaseConnection.php(910): CodeIgniter\Database\MySQLi\Connection->execute('SELECT `compras`.*, `proveedores`.`nombre` as `proveedor`
FROM `compras`
JOIN `proveedores` ON `proveedores`.`id` = `compras`.`id_proveedor`')
 2 SYSTEMPATH\Database\BaseConnection.php(827): CodeIgniter\Database\BaseConnection->simpleQuery('SELECT `compras`.*, `proveedores`.`nombre` as `proveedor`
FROM `compras`
JOIN `proveedores` ON `proveedores`.`id` = `compras`.`id_proveedor`')
 3 SYSTEMPATH\Database\BaseBuilder.php(1649): CodeIgniter\Database\BaseConnection->query('SELECT `compras`.*, `proveedores`.`nombre` as `proveedor`
FROM `compras`
JOIN `proveedores` ON `proveedores`.`id` = `compras`.`id_proveedor`', [], false)
 4 SYSTEMPATH\Model.php(253): CodeIgniter\Database\BaseBuilder->get()
 5 SYSTEMPATH\BaseModel.php(676): CodeIgniter\Model->doFindAll(0, 0)
 6 APPPATH\Controllers\Compras.php(17): CodeIgniter\BaseModel->findAll()
 7 SYSTEMPATH\CodeIgniter.php(951): App\Controllers\Compras->index()
 8 SYSTEMPATH\CodeIgniter.php(497): CodeIgniter\CodeIgniter->runController(Object(App\Controllers\Compras))
 9 SYSTEMPATH\CodeIgniter.php(340): CodeIgniter\CodeIgniter->handleRequest(null, Object(Config\Cache), false)
10 SYSTEMPATH\Boot.php(417): CodeIgniter\CodeIgniter->run()
11 SYSTEMPATH\Boot.php(68): CodeIgniter\Boot::runCodeIgniter(Object(CodeIgniter\CodeIgniter))
12 FCPATH\index.php(59): CodeIgniter\Boot::bootWeb(Object(Config\Paths))
13 SYSTEMPATH\rewrite.php(44): require_once('C:\\xampp\\htdocs\\pos_ci4\\public\\index.php')
CRITICAL - 2026-05-02 20:16:09 --> [Caused by] mysqli_sql_exception: No database selected
in SYSTEMPATH\Database\MySQLi\Connection.php on line 300.
 1 SYSTEMPATH\Database\MySQLi\Connection.php(300): mysqli->query('SELECT `compras`.*, `proveedores`.`nombre` as `proveedor`
FROM `compras`
JOIN `proveedores` ON `proveedores`.`id` = `compras`.`id_proveedor`', 0)
 2 SYSTEMPATH\Database\BaseConnection.php(910): CodeIgniter\Database\MySQLi\Connection->execute('SELECT `compras`.*, `proveedores`.`nombre` as `proveedor`
FROM `compras`
JOIN `proveedores` ON `proveedores`.`id` = `compras`.`id_proveedor`')
 3 SYSTEMPATH\Database\BaseConnection.php(827): CodeIgniter\Database\BaseConnection->simpleQuery('SELECT `compras`.*, `proveedores`.`nombre` as `proveedor`
FROM `compras`
JOIN `proveedores` ON `proveedores`.`id` = `compras`.`id_proveedor`')
 4 SYSTEMPATH\Database\BaseBuilder.php(1649): CodeIgniter\Database\BaseConnection->query('SELECT `compras`.*, `proveedores`.`nombre` as `proveedor`
FROM `compras`
JOIN `proveedores` ON `proveedores`.`id` = `compras`.`id_proveedor`', [], false)
 5 SYSTEMPATH\Model.php(253): CodeIgniter\Database\BaseBuilder->get()
 6 SYSTEMPATH\BaseModel.php(676): CodeIgniter\Model->doFindAll(0, 0)
 7 APPPATH\Controllers\Compras.php(17): CodeIgniter\BaseModel->findAll()
 8 SYSTEMPATH\CodeIgniter.php(951): App\Controllers\Compras->index()
 9 SYSTEMPATH\CodeIgniter.php(497): CodeIgniter\CodeIgniter->runController(Object(App\Controllers\Compras))
10 SYSTEMPATH\CodeIgniter.php(340): CodeIgniter\CodeIgniter->handleRequest(null, Object(Config\Cache), false)
11 SYSTEMPATH\Boot.php(417): CodeIgniter\CodeIgniter->run()
12 SYSTEMPATH\Boot.php(68): CodeIgniter\Boot::runCodeIgniter(Object(CodeIgniter\CodeIgniter))
13 FCPATH\index.php(59): CodeIgniter\Boot::bootWeb(Object(Config\Paths))
14 SYSTEMPATH\rewrite.php(44): require_once('C:\\xampp\\htdocs\\pos_ci4\\public\\index.php')
ERROR - 2026-05-02 20:16:11 --> No database selected
in SYSTEMPATH\Database\MySQLi\Connection.php on line 300.
 1 SYSTEMPATH\Database\MySQLi\Connection.php(300): mysqli->query('SELECT *
FROM `ventas`', 0)
 2 SYSTEMPATH\Database\BaseConnection.php(910): CodeIgniter\Database\MySQLi\Connection->execute('SELECT *
FROM `ventas`')
 3 SYSTEMPATH\Database\BaseConnection.php(827): CodeIgniter\Database\BaseConnection->simpleQuery('SELECT *
FROM `ventas`')
 4 SYSTEMPATH\Database\BaseBuilder.php(1649): CodeIgniter\Database\BaseConnection->query('SELECT *
FROM `ventas`', [], false)
 5 SYSTEMPATH\Model.php(253): CodeIgniter\Database\BaseBuilder->get()
 6 SYSTEMPATH\BaseModel.php(676): CodeIgniter\Model->doFindAll(0, 0)
 7 APPPATH\Controllers\Ventas.php(14): CodeIgniter\BaseModel->findAll()
 8 SYSTEMPATH\CodeIgniter.php(951): App\Controllers\Ventas->index()
 9 SYSTEMPATH\CodeIgniter.php(497): CodeIgniter\CodeIgniter->runController(Object(App\Controllers\Ventas))
10 SYSTEMPATH\CodeIgniter.php(340): CodeIgniter\CodeIgniter->handleRequest(null, Object(Config\Cache), false)
11 SYSTEMPATH\Boot.php(417): CodeIgniter\CodeIgniter->run()
12 SYSTEMPATH\Boot.php(68): CodeIgniter\Boot::runCodeIgniter(Object(CodeIgniter\CodeIgniter))
13 FCPATH\index.php(59): CodeIgniter\Boot::bootWeb(Object(Config\Paths))
14 SYSTEMPATH\rewrite.php(44): require_once('C:\\xampp\\htdocs\\pos_ci4\\public\\index.php')
CRITICAL - 2026-05-02 20:16:11 --> CodeIgniter\Database\Exceptions\DatabaseException: No database selected
[Method: GET, Route: ventas]
in SYSTEMPATH\Database\BaseConnection.php on line 865.
 1 SYSTEMPATH\Database\BaseBuilder.php(1649): CodeIgniter\Database\BaseConnection->query('SELECT *
FROM `ventas`', [], false)
 2 SYSTEMPATH\Model.php(253): CodeIgniter\Database\BaseBuilder->get()
 3 SYSTEMPATH\BaseModel.php(676): CodeIgniter\Model->doFindAll(0, 0)
 4 APPPATH\Controllers\Ventas.php(14): CodeIgniter\BaseModel->findAll()
 5 SYSTEMPATH\CodeIgniter.php(951): App\Controllers\Ventas->index()
 6 SYSTEMPATH\CodeIgniter.php(497): CodeIgniter\CodeIgniter->runController(Object(App\Controllers\Ventas))
 7 SYSTEMPATH\CodeIgniter.php(340): CodeIgniter\CodeIgniter->handleRequest(null, Object(Config\Cache), false)
 8 SYSTEMPATH\Boot.php(417): CodeIgniter\CodeIgniter->run()
 9 SYSTEMPATH\Boot.php(68): CodeIgniter\Boot::runCodeIgniter(Object(CodeIgniter\CodeIgniter))
10 FCPATH\index.php(59): CodeIgniter\Boot::bootWeb(Object(Config\Paths))
11 SYSTEMPATH\rewrite.php(44): require_once('C:\\xampp\\htdocs\\pos_ci4\\public\\index.php')
CRITICAL - 2026-05-02 20:16:11 --> [Caused by] CodeIgniter\Database\Exceptions\DatabaseException: No database selected
in SYSTEMPATH\Database\MySQLi\Connection.php on line 310.
 1 SYSTEMPATH\Database\BaseConnection.php(910): CodeIgniter\Database\MySQLi\Connection->execute('SELECT *
FROM `ventas`')
 2 SYSTEMPATH\Database\BaseConnection.php(827): CodeIgniter\Database\BaseConnection->simpleQuery('SELECT *
FROM `ventas`')
 3 SYSTEMPATH\Database\BaseBuilder.php(1649): CodeIgniter\Database\BaseConnection->query('SELECT *
FROM `ventas`', [], false)
 4 SYSTEMPATH\Model.php(253): CodeIgniter\Database\BaseBuilder->get()
 5 SYSTEMPATH\BaseModel.php(676): CodeIgniter\Model->doFindAll(0, 0)
 6 APPPATH\Controllers\Ventas.php(14): CodeIgniter\BaseModel->findAll()
 7 SYSTEMPATH\CodeIgniter.php(951): App\Controllers\Ventas->index()
 8 SYSTEMPATH\CodeIgniter.php(497): CodeIgniter\CodeIgniter->runController(Object(App\Controllers\Ventas))
 9 SYSTEMPATH\CodeIgniter.php(340): CodeIgniter\CodeIgniter->handleRequest(null, Object(Config\Cache), false)
10 SYSTEMPATH\Boot.php(417): CodeIgniter\CodeIgniter->run()
11 SYSTEMPATH\Boot.php(68): CodeIgniter\Boot::runCodeIgniter(Object(CodeIgniter\CodeIgniter))
12 FCPATH\index.php(59): CodeIgniter\Boot::bootWeb(Object(Config\Paths))
13 SYSTEMPATH\rewrite.php(44): require_once('C:\\xampp\\htdocs\\pos_ci4\\public\\index.php')
CRITICAL - 2026-05-02 20:16:11 --> [Caused by] mysqli_sql_exception: No database selected
in SYSTEMPATH\Database\MySQLi\Connection.php on line 300.
 1 SYSTEMPATH\Database\MySQLi\Connection.php(300): mysqli->query('SELECT *
FROM `ventas`', 0)
 2 SYSTEMPATH\Database\BaseConnection.php(910): CodeIgniter\Database\MySQLi\Connection->execute('SELECT *
FROM `ventas`')
 3 SYSTEMPATH\Database\BaseConnection.php(827): CodeIgniter\Database\BaseConnection->simpleQuery('SELECT *
FROM `ventas`')
 4 SYSTEMPATH\Database\BaseBuilder.php(1649): CodeIgniter\Database\BaseConnection->query('SELECT *
FROM `ventas`', [], false)
 5 SYSTEMPATH\Model.php(253): CodeIgniter\Database\BaseBuilder->get()
 6 SYSTEMPATH\BaseModel.php(676): CodeIgniter\Model->doFindAll(0, 0)
 7 APPPATH\Controllers\Ventas.php(14): CodeIgniter\BaseModel->findAll()
 8 SYSTEMPATH\CodeIgniter.php(951): App\Controllers\Ventas->index()
 9 SYSTEMPATH\CodeIgniter.php(497): CodeIgniter\CodeIgniter->runController(Object(App\Controllers\Ventas))
10 SYSTEMPATH\CodeIgniter.php(340): CodeIgniter\CodeIgniter->handleRequest(null, Object(Config\Cache), false)
11 SYSTEMPATH\Boot.php(417): CodeIgniter\CodeIgniter->run()
12 SYSTEMPATH\Boot.php(68): CodeIgniter\Boot::runCodeIgniter(Object(CodeIgniter\CodeIgniter))
13 FCPATH\index.php(59): CodeIgniter\Boot::bootWeb(Object(Config\Paths))
14 SYSTEMPATH\rewrite.php(44): require_once('C:\\xampp\\htdocs\\pos_ci4\\public\\index.php')
ERROR - 2026-05-02 20:16:14 --> No database selected
in SYSTEMPATH\Database\MySQLi\Connection.php on line 300.
 1 SYSTEMPATH\Database\MySQLi\Connection.php(300): mysqli->query('SELECT *
FROM `gastos`', 0)
 2 SYSTEMPATH\Database\BaseConnection.php(910): CodeIgniter\Database\MySQLi\Connection->execute('SELECT *
FROM `gastos`')
 3 SYSTEMPATH\Database\BaseConnection.php(827): CodeIgniter\Database\BaseConnection->simpleQuery('SELECT *
FROM `gastos`')
 4 SYSTEMPATH\Database\BaseBuilder.php(1649): CodeIgniter\Database\BaseConnection->query('SELECT *
FROM `gastos`', [], false)
 5 SYSTEMPATH\Model.php(253): CodeIgniter\Database\BaseBuilder->get()
 6 SYSTEMPATH\BaseModel.php(676): CodeIgniter\Model->doFindAll(0, 0)
 7 APPPATH\Controllers\Gastos.php(12): CodeIgniter\BaseModel->findAll()
 8 SYSTEMPATH\CodeIgniter.php(951): App\Controllers\Gastos->index()
 9 SYSTEMPATH\CodeIgniter.php(497): CodeIgniter\CodeIgniter->runController(Object(App\Controllers\Gastos))
10 SYSTEMPATH\CodeIgniter.php(340): CodeIgniter\CodeIgniter->handleRequest(null, Object(Config\Cache), false)
11 SYSTEMPATH\Boot.php(417): CodeIgniter\CodeIgniter->run()
12 SYSTEMPATH\Boot.php(68): CodeIgniter\Boot::runCodeIgniter(Object(CodeIgniter\CodeIgniter))
13 FCPATH\index.php(59): CodeIgniter\Boot::bootWeb(Object(Config\Paths))
14 SYSTEMPATH\rewrite.php(44): require_once('C:\\xampp\\htdocs\\pos_ci4\\public\\index.php')
CRITICAL - 2026-05-02 20:16:14 --> CodeIgniter\Database\Exceptions\DatabaseException: No database selected
[Method: GET, Route: gastos]
in SYSTEMPATH\Database\BaseConnection.php on line 865.
 1 SYSTEMPATH\Database\BaseBuilder.php(1649): CodeIgniter\Database\BaseConnection->query('SELECT *
FROM `gastos`', [], false)
 2 SYSTEMPATH\Model.php(253): CodeIgniter\Database\BaseBuilder->get()
 3 SYSTEMPATH\BaseModel.php(676): CodeIgniter\Model->doFindAll(0, 0)
 4 APPPATH\Controllers\Gastos.php(12): CodeIgniter\BaseModel->findAll()
 5 SYSTEMPATH\CodeIgniter.php(951): App\Controllers\Gastos->index()
 6 SYSTEMPATH\CodeIgniter.php(497): CodeIgniter\CodeIgniter->runController(Object(App\Controllers\Gastos))
 7 SYSTEMPATH\CodeIgniter.php(340): CodeIgniter\CodeIgniter->handleRequest(null, Object(Config\Cache), false)
 8 SYSTEMPATH\Boot.php(417): CodeIgniter\CodeIgniter->run()
 9 SYSTEMPATH\Boot.php(68): CodeIgniter\Boot::runCodeIgniter(Object(CodeIgniter\CodeIgniter))
10 FCPATH\index.php(59): CodeIgniter\Boot::bootWeb(Object(Config\Paths))
11 SYSTEMPATH\rewrite.php(44): require_once('C:\\xampp\\htdocs\\pos_ci4\\public\\index.php')
CRITICAL - 2026-05-02 20:16:14 --> [Caused by] CodeIgniter\Database\Exceptions\DatabaseException: No database selected
in SYSTEMPATH\Database\MySQLi\Connection.php on line 310.
 1 SYSTEMPATH\Database\BaseConnection.php(910): CodeIgniter\Database\MySQLi\Connection->execute('SELECT *
FROM `gastos`')
 2 SYSTEMPATH\Database\BaseConnection.php(827): CodeIgniter\Database\BaseConnection->simpleQuery('SELECT *
FROM `gastos`')
 3 SYSTEMPATH\Database\BaseBuilder.php(1649): CodeIgniter\Database\BaseConnection->query('SELECT *
FROM `gastos`', [], false)
 4 SYSTEMPATH\Model.php(253): CodeIgniter\Database\BaseBuilder->get()
 5 SYSTEMPATH\BaseModel.php(676): CodeIgniter\Model->doFindAll(0, 0)
 6 APPPATH\Controllers\Gastos.php(12): CodeIgniter\BaseModel->findAll()
 7 SYSTEMPATH\CodeIgniter.php(951): App\Controllers\Gastos->index()
 8 SYSTEMPATH\CodeIgniter.php(497): CodeIgniter\CodeIgniter->runController(Object(App\Controllers\Gastos))
 9 SYSTEMPATH\CodeIgniter.php(340): CodeIgniter\CodeIgniter->handleRequest(null, Object(Config\Cache), false)
10 SYSTEMPATH\Boot.php(417): CodeIgniter\CodeIgniter->run()
11 SYSTEMPATH\Boot.php(68): CodeIgniter\Boot::runCodeIgniter(Object(CodeIgniter\CodeIgniter))
12 FCPATH\index.php(59): CodeIgniter\Boot::bootWeb(Object(Config\Paths))
13 SYSTEMPATH\rewrite.php(44): require_once('C:\\xampp\\htdocs\\pos_ci4\\public\\index.php')
CRITICAL - 2026-05-02 20:16:14 --> [Caused by] mysqli_sql_exception: No database selected
in SYSTEMPATH\Database\MySQLi\Connection.php on line 300.
 1 SYSTEMPATH\Database\MySQLi\Connection.php(300): mysqli->query('SELECT *
FROM `gastos`', 0)
 2 SYSTEMPATH\Database\BaseConnection.php(910): CodeIgniter\Database\MySQLi\Connection->execute('SELECT *
FROM `gastos`')
 3 SYSTEMPATH\Database\BaseConnection.php(827): CodeIgniter\Database\BaseConnection->simpleQuery('SELECT *
FROM `gastos`')
 4 SYSTEMPATH\Database\BaseBuilder.php(1649): CodeIgniter\Database\BaseConnection->query('SELECT *
FROM `gastos`', [], false)
 5 SYSTEMPATH\Model.php(253): CodeIgniter\Database\BaseBuilder->get()
 6 SYSTEMPATH\BaseModel.php(676): CodeIgniter\Model->doFindAll(0, 0)
 7 APPPATH\Controllers\Gastos.php(12): CodeIgniter\BaseModel->findAll()
 8 SYSTEMPATH\CodeIgniter.php(951): App\Controllers\Gastos->index()
 9 SYSTEMPATH\CodeIgniter.php(497): CodeIgniter\CodeIgniter->runController(Object(App\Controllers\Gastos))
10 SYSTEMPATH\CodeIgniter.php(340): CodeIgniter\CodeIgniter->handleRequest(null, Object(Config\Cache), false)
11 SYSTEMPATH\Boot.php(417): CodeIgniter\CodeIgniter->run()
12 SYSTEMPATH\Boot.php(68): CodeIgniter\Boot::runCodeIgniter(Object(CodeIgniter\CodeIgniter))
13 FCPATH\index.php(59): CodeIgniter\Boot::bootWeb(Object(Config\Paths))
14 SYSTEMPATH\rewrite.php(44): require_once('C:\\xampp\\htdocs\\pos_ci4\\public\\index.php')
DEBUG - 2026-05-02 20:16:16 --> Session: Class initialized using 'CodeIgniter\Session\Handlers\FileHandler' driver.
DEBUG - 2026-05-02 20:51:37 --> Session: Class initialized using 'CodeIgniter\Session\Handlers\FileHandler' driver.
DEBUG - 2026-05-02 20:52:02 --> Session: Class initialized using 'CodeIgniter\Session\Handlers\FileHandler' driver.
DEBUG - 2026-05-02 20:52:09 --> Session: Class initialized using 'CodeIgniter\Session\Handlers\FileHandler' driver.
ERROR - 2026-05-02 20:52:09 --> No database selected
in SYSTEMPATH\Database\MySQLi\Connection.php on line 300.
 1 SYSTEMPATH\Database\MySQLi\Connection.php(300): mysqli->query('SELECT *
FROM `users`
WHERE `username` = \'admin\'
 LIMIT 1', 0)
 2 SYSTEMPATH\Database\BaseConnection.php(910): CodeIgniter\Database\MySQLi\Connection->execute('SELECT *
FROM `users`
WHERE `username` = \'admin\'
 LIMIT 1')
 3 SYSTEMPATH\Database\BaseConnection.php(827): CodeIgniter\Database\BaseConnection->simpleQuery('SELECT *
FROM `users`
WHERE `username` = \'admin\'
 LIMIT 1')
 4 SYSTEMPATH\Database\BaseBuilder.php(1649): CodeIgniter\Database\BaseConnection->query('SELECT *
FROM `users`
WHERE `username` = :username:
 LIMIT 1', [...], false)
 5 SYSTEMPATH\Model.php(295): CodeIgniter\Database\BaseBuilder->get()
 6 SYSTEMPATH\BaseModel.php(714): CodeIgniter\Model->doFirst()
 7 APPPATH\Controllers\Auth.php(21): CodeIgniter\BaseModel->first()
 8 SYSTEMPATH\CodeIgniter.php(951): App\Controllers\Auth->authenticate()
 9 SYSTEMPATH\CodeIgniter.php(497): CodeIgniter\CodeIgniter->runController(Object(App\Controllers\Auth))
10 SYSTEMPATH\CodeIgniter.php(340): CodeIgniter\CodeIgniter->handleRequest(null, Object(Config\Cache), false)
11 SYSTEMPATH\Boot.php(417): CodeIgniter\CodeIgniter->run()
12 SYSTEMPATH\Boot.php(68): CodeIgniter\Boot::runCodeIgniter(Object(CodeIgniter\CodeIgniter))
13 FCPATH\index.php(59): CodeIgniter\Boot::bootWeb(Object(Config\Paths))
14 SYSTEMPATH\rewrite.php(44): require_once('C:\\xampp\\htdocs\\pos_ci4\\public\\index.php')
CRITICAL - 2026-05-02 20:52:09 --> CodeIgniter\Database\Exceptions\DatabaseException: No database selected
[Method: POST, Route: auth/authenticate]
in SYSTEMPATH\Database\BaseConnection.php on line 865.
 1 SYSTEMPATH\Database\BaseBuilder.php(1649): CodeIgniter\Database\BaseConnection->query('SELECT *
FROM `users`
WHERE `username` = :username:
 LIMIT 1', [...], false)
 2 SYSTEMPATH\Model.php(295): CodeIgniter\Database\BaseBuilder->get()
 3 SYSTEMPATH\BaseModel.php(714): CodeIgniter\Model->doFirst()
 4 APPPATH\Controllers\Auth.php(21): CodeIgniter\BaseModel->first()
 5 SYSTEMPATH\CodeIgniter.php(951): App\Controllers\Auth->authenticate()
 6 SYSTEMPATH\CodeIgniter.php(497): CodeIgniter\CodeIgniter->runController(Object(App\Controllers\Auth))
 7 SYSTEMPATH\CodeIgniter.php(340): CodeIgniter\CodeIgniter->handleRequest(null, Object(Config\Cache), false)
 8 SYSTEMPATH\Boot.php(417): CodeIgniter\CodeIgniter->run()
 9 SYSTEMPATH\Boot.php(68): CodeIgniter\Boot::runCodeIgniter(Object(CodeIgniter\CodeIgniter))
10 FCPATH\index.php(59): CodeIgniter\Boot::bootWeb(Object(Config\Paths))
11 SYSTEMPATH\rewrite.php(44): require_once('C:\\xampp\\htdocs\\pos_ci4\\public\\index.php')
CRITICAL - 2026-05-02 20:52:09 --> [Caused by] CodeIgniter\Database\Exceptions\DatabaseException: No database selected
in SYSTEMPATH\Database\MySQLi\Connection.php on line 310.
 1 SYSTEMPATH\Database\BaseConnection.php(910): CodeIgniter\Database\MySQLi\Connection->execute('SELECT *
FROM `users`
WHERE `username` = \'admin\'
 LIMIT 1')
 2 SYSTEMPATH\Database\BaseConnection.php(827): CodeIgniter\Database\BaseConnection->simpleQuery('SELECT *
FROM `users`
WHERE `username` = \'admin\'
 LIMIT 1')
 3 SYSTEMPATH\Database\BaseBuilder.php(1649): CodeIgniter\Database\BaseConnection->query('SELECT *
FROM `users`
WHERE `username` = :username:
 LIMIT 1', [...], false)
 4 SYSTEMPATH\Model.php(295): CodeIgniter\Database\BaseBuilder->get()
 5 SYSTEMPATH\BaseModel.php(714): CodeIgniter\Model->doFirst()
 6 APPPATH\Controllers\Auth.php(21): CodeIgniter\BaseModel->first()
 7 SYSTEMPATH\CodeIgniter.php(951): App\Controllers\Auth->authenticate()
 8 SYSTEMPATH\CodeIgniter.php(497): CodeIgniter\CodeIgniter->runController(Object(App\Controllers\Auth))
 9 SYSTEMPATH\CodeIgniter.php(340): CodeIgniter\CodeIgniter->handleRequest(null, Object(Config\Cache), false)
10 SYSTEMPATH\Boot.php(417): CodeIgniter\CodeIgniter->run()
11 SYSTEMPATH\Boot.php(68): CodeIgniter\Boot::runCodeIgniter(Object(CodeIgniter\CodeIgniter))
12 FCPATH\index.php(59): CodeIgniter\Boot::bootWeb(Object(Config\Paths))
13 SYSTEMPATH\rewrite.php(44): require_once('C:\\xampp\\htdocs\\pos_ci4\\public\\index.php')
CRITICAL - 2026-05-02 20:52:09 --> [Caused by] mysqli_sql_exception: No database selected
in SYSTEMPATH\Database\MySQLi\Connection.php on line 300.
 1 SYSTEMPATH\Database\MySQLi\Connection.php(300): mysqli->query('SELECT *
FROM `users`
WHERE `username` = \'admin\'
 LIMIT 1', 0)
 2 SYSTEMPATH\Database\BaseConnection.php(910): CodeIgniter\Database\MySQLi\Connection->execute('SELECT *
FROM `users`
WHERE `username` = \'admin\'
 LIMIT 1')
 3 SYSTEMPATH\Database\BaseConnection.php(827): CodeIgniter\Database\BaseConnection->simpleQuery('SELECT *
FROM `users`
WHERE `username` = \'admin\'
 LIMIT 1')
 4 SYSTEMPATH\Database\BaseBuilder.php(1649): CodeIgniter\Database\BaseConnection->query('SELECT *
FROM `users`
WHERE `username` = :username:
 LIMIT 1', [...], false)
 5 SYSTEMPATH\Model.php(295): CodeIgniter\Database\BaseBuilder->get()
 6 SYSTEMPATH\BaseModel.php(714): CodeIgniter\Model->doFirst()
 7 APPPATH\Controllers\Auth.php(21): CodeIgniter\BaseModel->first()
 8 SYSTEMPATH\CodeIgniter.php(951): App\Controllers\Auth->authenticate()
 9 SYSTEMPATH\CodeIgniter.php(497): CodeIgniter\CodeIgniter->runController(Object(App\Controllers\Auth))
10 SYSTEMPATH\CodeIgniter.php(340): CodeIgniter\CodeIgniter->handleRequest(null, Object(Config\Cache), false)
11 SYSTEMPATH\Boot.php(417): CodeIgniter\CodeIgniter->run()
12 SYSTEMPATH\Boot.php(68): CodeIgniter\Boot::runCodeIgniter(Object(CodeIgniter\CodeIgniter))
13 FCPATH\index.php(59): CodeIgniter\Boot::bootWeb(Object(Config\Paths))
14 SYSTEMPATH\rewrite.php(44): require_once('C:\\xampp\\htdocs\\pos_ci4\\public\\index.php')
DEBUG - 2026-05-02 20:52:25 --> Session: Class initialized using 'CodeIgniter\Session\Handlers\FileHandler' driver.
DEBUG - 2026-05-02 20:52:27 --> Session: Class initialized using 'CodeIgniter\Session\Handlers\FileHandler' driver.
ERROR - 2026-05-02 20:52:27 --> No database selected
in SYSTEMPATH\Database\MySQLi\Connection.php on line 300.
 1 SYSTEMPATH\Database\MySQLi\Connection.php(300): mysqli->query('SELECT *
FROM `users`
WHERE `username` = \'admin\'
 LIMIT 1', 0)
 2 SYSTEMPATH\Database\BaseConnection.php(910): CodeIgniter\Database\MySQLi\Connection->execute('SELECT *
FROM `users`
WHERE `username` = \'admin\'
 LIMIT 1')
 3 SYSTEMPATH\Database\BaseConnection.php(827): CodeIgniter\Database\BaseConnection->simpleQuery('SELECT *
FROM `users`
WHERE `username` = \'admin\'
 LIMIT 1')
 4 SYSTEMPATH\Database\BaseBuilder.php(1649): CodeIgniter\Database\BaseConnection->query('SELECT *
FROM `users`
WHERE `username` = :username:
 LIMIT 1', [...], false)
 5 SYSTEMPATH\Model.php(295): CodeIgniter\Database\BaseBuilder->get()
 6 SYSTEMPATH\BaseModel.php(714): CodeIgniter\Model->doFirst()
 7 APPPATH\Controllers\Auth.php(21): CodeIgniter\BaseModel->first()
 8 SYSTEMPATH\CodeIgniter.php(951): App\Controllers\Auth->authenticate()
 9 SYSTEMPATH\CodeIgniter.php(497): CodeIgniter\CodeIgniter->runController(Object(App\Controllers\Auth))
10 SYSTEMPATH\CodeIgniter.php(340): CodeIgniter\CodeIgniter->handleRequest(null, Object(Config\Cache), false)
11 SYSTEMPATH\Boot.php(417): CodeIgniter\CodeIgniter->run()
12 SYSTEMPATH\Boot.php(68): CodeIgniter\Boot::runCodeIgniter(Object(CodeIgniter\CodeIgniter))
13 FCPATH\index.php(59): CodeIgniter\Boot::bootWeb(Object(Config\Paths))
14 SYSTEMPATH\rewrite.php(44): require_once('C:\\xampp\\htdocs\\pos_ci4\\public\\index.php')
CRITICAL - 2026-05-02 20:52:27 --> CodeIgniter\Database\Exceptions\DatabaseException: No database selected
[Method: POST, Route: auth/authenticate]
in SYSTEMPATH\Database\BaseConnection.php on line 865.
 1 SYSTEMPATH\Database\BaseBuilder.php(1649): CodeIgniter\Database\BaseConnection->query('SELECT *
FROM `users`
WHERE `username` = :username:
 LIMIT 1', [...], false)
 2 SYSTEMPATH\Model.php(295): CodeIgniter\Database\BaseBuilder->get()
 3 SYSTEMPATH\BaseModel.php(714): CodeIgniter\Model->doFirst()
 4 APPPATH\Controllers\Auth.php(21): CodeIgniter\BaseModel->first()
 5 SYSTEMPATH\CodeIgniter.php(951): App\Controllers\Auth->authenticate()
 6 SYSTEMPATH\CodeIgniter.php(497): CodeIgniter\CodeIgniter->runController(Object(App\Controllers\Auth))
 7 SYSTEMPATH\CodeIgniter.php(340): CodeIgniter\CodeIgniter->handleRequest(null, Object(Config\Cache), false)
 8 SYSTEMPATH\Boot.php(417): CodeIgniter\CodeIgniter->run()
 9 SYSTEMPATH\Boot.php(68): CodeIgniter\Boot::runCodeIgniter(Object(CodeIgniter\CodeIgniter))
10 FCPATH\index.php(59): CodeIgniter\Boot::bootWeb(Object(Config\Paths))
11 SYSTEMPATH\rewrite.php(44): require_once('C:\\xampp\\htdocs\\pos_ci4\\public\\index.php')
CRITICAL - 2026-05-02 20:52:27 --> [Caused by] CodeIgniter\Database\Exceptions\DatabaseException: No database selected
in SYSTEMPATH\Database\MySQLi\Connection.php on line 310.
 1 SYSTEMPATH\Database\BaseConnection.php(910): CodeIgniter\Database\MySQLi\Connection->execute('SELECT *
FROM `users`
WHERE `username` = \'admin\'
 LIMIT 1')
 2 SYSTEMPATH\Database\BaseConnection.php(827): CodeIgniter\Database\BaseConnection->simpleQuery('SELECT *
FROM `users`
WHERE `username` = \'admin\'
 LIMIT 1')
 3 SYSTEMPATH\Database\BaseBuilder.php(1649): CodeIgniter\Database\BaseConnection->query('SELECT *
FROM `users`
WHERE `username` = :username:
 LIMIT 1', [...], false)
 4 SYSTEMPATH\Model.php(295): CodeIgniter\Database\BaseBuilder->get()
 5 SYSTEMPATH\BaseModel.php(714): CodeIgniter\Model->doFirst()
 6 APPPATH\Controllers\Auth.php(21): CodeIgniter\BaseModel->first()
 7 SYSTEMPATH\CodeIgniter.php(951): App\Controllers\Auth->authenticate()
 8 SYSTEMPATH\CodeIgniter.php(497): CodeIgniter\CodeIgniter->runController(Object(App\Controllers\Auth))
 9 SYSTEMPATH\CodeIgniter.php(340): CodeIgniter\CodeIgniter->handleRequest(null, Object(Config\Cache), false)
10 SYSTEMPATH\Boot.php(417): CodeIgniter\CodeIgniter->run()
11 SYSTEMPATH\Boot.php(68): CodeIgniter\Boot::runCodeIgniter(Object(CodeIgniter\CodeIgniter))
12 FCPATH\index.php(59): CodeIgniter\Boot::bootWeb(Object(Config\Paths))
13 SYSTEMPATH\rewrite.php(44): require_once('C:\\xampp\\htdocs\\pos_ci4\\public\\index.php')
CRITICAL - 2026-05-02 20:52:27 --> [Caused by] mysqli_sql_exception: No database selected
in SYSTEMPATH\Database\MySQLi\Connection.php on line 300.
 1 SYSTEMPATH\Database\MySQLi\Connection.php(300): mysqli->query('SELECT *
FROM `users`
WHERE `username` = \'admin\'
 LIMIT 1', 0)
 2 SYSTEMPATH\Database\BaseConnection.php(910): CodeIgniter\Database\MySQLi\Connection->execute('SELECT *
FROM `users`
WHERE `username` = \'admin\'
 LIMIT 1')
 3 SYSTEMPATH\Database\BaseConnection.php(827): CodeIgniter\Database\BaseConnection->simpleQuery('SELECT *
FROM `users`
WHERE `username` = \'admin\'
 LIMIT 1')
 4 SYSTEMPATH\Database\BaseBuilder.php(1649): CodeIgniter\Database\BaseConnection->query('SELECT *
FROM `users`
WHERE `username` = :username:
 LIMIT 1', [...], false)
 5 SYSTEMPATH\Model.php(295): CodeIgniter\Database\BaseBuilder->get()
 6 SYSTEMPATH\BaseModel.php(714): CodeIgniter\Model->doFirst()
 7 APPPATH\Controllers\Auth.php(21): CodeIgniter\BaseModel->first()
 8 SYSTEMPATH\CodeIgniter.php(951): App\Controllers\Auth->authenticate()
 9 SYSTEMPATH\CodeIgniter.php(497): CodeIgniter\CodeIgniter->runController(Object(App\Controllers\Auth))
10 SYSTEMPATH\CodeIgniter.php(340): CodeIgniter\CodeIgniter->handleRequest(null, Object(Config\Cache), false)
11 SYSTEMPATH\Boot.php(417): CodeIgniter\CodeIgniter->run()
12 SYSTEMPATH\Boot.php(68): CodeIgniter\Boot::runCodeIgniter(Object(CodeIgniter\CodeIgniter))
13 FCPATH\index.php(59): CodeIgniter\Boot::bootWeb(Object(Config\Paths))
14 SYSTEMPATH\rewrite.php(44): require_once('C:\\xampp\\htdocs\\pos_ci4\\public\\index.php')
DEBUG - 2026-05-02 20:52:44 --> Session: Class initialized using 'CodeIgniter\Session\Handlers\FileHandler' driver.
DEBUG - 2026-05-02 20:52:47 --> Session: Class initialized using 'CodeIgniter\Session\Handlers\FileHandler' driver.
ERROR - 2026-05-02 20:52:47 --> No database selected
in SYSTEMPATH\Database\MySQLi\Connection.php on line 300.
 1 SYSTEMPATH\Database\MySQLi\Connection.php(300): mysqli->query('SELECT *
FROM `users`
WHERE `username` = \'admin\'
 LIMIT 1', 0)
 2 SYSTEMPATH\Database\BaseConnection.php(910): CodeIgniter\Database\MySQLi\Connection->execute('SELECT *
FROM `users`
WHERE `username` = \'admin\'
 LIMIT 1')
 3 SYSTEMPATH\Database\BaseConnection.php(827): CodeIgniter\Database\BaseConnection->simpleQuery('SELECT *
FROM `users`
WHERE `username` = \'admin\'
 LIMIT 1')
 4 SYSTEMPATH\Database\BaseBuilder.php(1649): CodeIgniter\Database\BaseConnection->query('SELECT *
FROM `users`
WHERE `username` = :username:
 LIMIT 1', [...], false)
 5 SYSTEMPATH\Model.php(295): CodeIgniter\Database\BaseBuilder->get()
 6 SYSTEMPATH\BaseModel.php(714): CodeIgniter\Model->doFirst()
 7 APPPATH\Controllers\Auth.php(21): CodeIgniter\BaseModel->first()
 8 SYSTEMPATH\CodeIgniter.php(951): App\Controllers\Auth->authenticate()
 9 SYSTEMPATH\CodeIgniter.php(497): CodeIgniter\CodeIgniter->runController(Object(App\Controllers\Auth))
10 SYSTEMPATH\CodeIgniter.php(340): CodeIgniter\CodeIgniter->handleRequest(null, Object(Config\Cache), false)
11 SYSTEMPATH\Boot.php(417): CodeIgniter\CodeIgniter->run()
12 SYSTEMPATH\Boot.php(68): CodeIgniter\Boot::runCodeIgniter(Object(CodeIgniter\CodeIgniter))
13 FCPATH\index.php(59): CodeIgniter\Boot::bootWeb(Object(Config\Paths))
14 SYSTEMPATH\rewrite.php(44): require_once('C:\\xampp\\htdocs\\pos_ci4\\public\\index.php')
CRITICAL - 2026-05-02 20:52:47 --> CodeIgniter\Database\Exceptions\DatabaseException: No database selected
[Method: POST, Route: auth/authenticate]
in SYSTEMPATH\Database\BaseConnection.php on line 865.
 1 SYSTEMPATH\Database\BaseBuilder.php(1649): CodeIgniter\Database\BaseConnection->query('SELECT *
FROM `users`
WHERE `username` = :username:
 LIMIT 1', [...], false)
 2 SYSTEMPATH\Model.php(295): CodeIgniter\Database\BaseBuilder->get()
 3 SYSTEMPATH\BaseModel.php(714): CodeIgniter\Model->doFirst()
 4 APPPATH\Controllers\Auth.php(21): CodeIgniter\BaseModel->first()
 5 SYSTEMPATH\CodeIgniter.php(951): App\Controllers\Auth->authenticate()
 6 SYSTEMPATH\CodeIgniter.php(497): CodeIgniter\CodeIgniter->runController(Object(App\Controllers\Auth))
 7 SYSTEMPATH\CodeIgniter.php(340): CodeIgniter\CodeIgniter->handleRequest(null, Object(Config\Cache), false)
 8 SYSTEMPATH\Boot.php(417): CodeIgniter\CodeIgniter->run()
 9 SYSTEMPATH\Boot.php(68): CodeIgniter\Boot::runCodeIgniter(Object(CodeIgniter\CodeIgniter))
10 FCPATH\index.php(59): CodeIgniter\Boot::bootWeb(Object(Config\Paths))
11 SYSTEMPATH\rewrite.php(44): require_once('C:\\xampp\\htdocs\\pos_ci4\\public\\index.php')
CRITICAL - 2026-05-02 20:52:47 --> [Caused by] CodeIgniter\Database\Exceptions\DatabaseException: No database selected
in SYSTEMPATH\Database\MySQLi\Connection.php on line 310.
 1 SYSTEMPATH\Database\BaseConnection.php(910): CodeIgniter\Database\MySQLi\Connection->execute('SELECT *
FROM `users`
WHERE `username` = \'admin\'
 LIMIT 1')
 2 SYSTEMPATH\Database\BaseConnection.php(827): CodeIgniter\Database\BaseConnection->simpleQuery('SELECT *
FROM `users`
WHERE `username` = \'admin\'
 LIMIT 1')
 3 SYSTEMPATH\Database\BaseBuilder.php(1649): CodeIgniter\Database\BaseConnection->query('SELECT *
FROM `users`
WHERE `username` = :username:
 LIMIT 1', [...], false)
 4 SYSTEMPATH\Model.php(295): CodeIgniter\Database\BaseBuilder->get()
 5 SYSTEMPATH\BaseModel.php(714): CodeIgniter\Model->doFirst()
 6 APPPATH\Controllers\Auth.php(21): CodeIgniter\BaseModel->first()
 7 SYSTEMPATH\CodeIgniter.php(951): App\Controllers\Auth->authenticate()
 8 SYSTEMPATH\CodeIgniter.php(497): CodeIgniter\CodeIgniter->runController(Object(App\Controllers\Auth))
 9 SYSTEMPATH\CodeIgniter.php(340): CodeIgniter\CodeIgniter->handleRequest(null, Object(Config\Cache), false)
10 SYSTEMPATH\Boot.php(417): CodeIgniter\CodeIgniter->run()
11 SYSTEMPATH\Boot.php(68): CodeIgniter\Boot::runCodeIgniter(Object(CodeIgniter\CodeIgniter))
12 FCPATH\index.php(59): CodeIgniter\Boot::bootWeb(Object(Config\Paths))
13 SYSTEMPATH\rewrite.php(44): require_once('C:\\xampp\\htdocs\\pos_ci4\\public\\index.php')
CRITICAL - 2026-05-02 20:52:47 --> [Caused by] mysqli_sql_exception: No database selected
in SYSTEMPATH\Database\MySQLi\Connection.php on line 300.
 1 SYSTEMPATH\Database\MySQLi\Connection.php(300): mysqli->query('SELECT *
FROM `users`
WHERE `username` = \'admin\'
 LIMIT 1', 0)
 2 SYSTEMPATH\Database\BaseConnection.php(910): CodeIgniter\Database\MySQLi\Connection->execute('SELECT *
FROM `users`
WHERE `username` = \'admin\'
 LIMIT 1')
 3 SYSTEMPATH\Database\BaseConnection.php(827): CodeIgniter\Database\BaseConnection->simpleQuery('SELECT *
FROM `users`
WHERE `username` = \'admin\'
 LIMIT 1')
 4 SYSTEMPATH\Database\BaseBuilder.php(1649): CodeIgniter\Database\BaseConnection->query('SELECT *
FROM `users`
WHERE `username` = :username:
 LIMIT 1', [...], false)
 5 SYSTEMPATH\Model.php(295): CodeIgniter\Database\BaseBuilder->get()
 6 SYSTEMPATH\BaseModel.php(714): CodeIgniter\Model->doFirst()
 7 APPPATH\Controllers\Auth.php(21): CodeIgniter\BaseModel->first()
 8 SYSTEMPATH\CodeIgniter.php(951): App\Controllers\Auth->authenticate()
 9 SYSTEMPATH\CodeIgniter.php(497): CodeIgniter\CodeIgniter->runController(Object(App\Controllers\Auth))
10 SYSTEMPATH\CodeIgniter.php(340): CodeIgniter\CodeIgniter->handleRequest(null, Object(Config\Cache), false)
11 SYSTEMPATH\Boot.php(417): CodeIgniter\CodeIgniter->run()
12 SYSTEMPATH\Boot.php(68): CodeIgniter\Boot::runCodeIgniter(Object(CodeIgniter\CodeIgniter))
13 FCPATH\index.php(59): CodeIgniter\Boot::bootWeb(Object(Config\Paths))
14 SYSTEMPATH\rewrite.php(44): require_once('C:\\xampp\\htdocs\\pos_ci4\\public\\index.php')
DEBUG - 2026-05-02 20:53:07 --> Session: Class initialized using 'CodeIgniter\Session\Handlers\FileHandler' driver.
ERROR - 2026-05-02 20:53:07 --> Error connecting to the database: mysqli_sql_exception: Unknown database 'root' in C:\xampp\htdocs\pos_ci4\system\Database\MySQLi\Connection.php:201
Stack trace:
#0 C:\xampp\htdocs\pos_ci4\system\Database\MySQLi\Connection.php(201): mysqli->real_connect('localhost', 'root', Object(SensitiveParameterValue), 'root', 3306, '', 0)
#1 C:\xampp\htdocs\pos_ci4\system\Database\BaseConnection.php(555): CodeIgniter\Database\MySQLi\Connection->connect(false)
#2 C:\xampp\htdocs\pos_ci4\system\Database\BaseConnection.php(795): CodeIgniter\Database\BaseConnection->initialize()
#3 C:\xampp\htdocs\pos_ci4\system\Database\BaseBuilder.php(1649): CodeIgniter\Database\BaseConnection->query('SELECT *\nFROM `...', Array, false)
#4 C:\xampp\htdocs\pos_ci4\system\Model.php(295): CodeIgniter\Database\BaseBuilder->get()
#5 C:\xampp\htdocs\pos_ci4\system\BaseModel.php(714): CodeIgniter\Model->doFirst()
#6 C:\xampp\htdocs\pos_ci4\app\Controllers\Auth.php(21): CodeIgniter\BaseModel->first()
#7 C:\xampp\htdocs\pos_ci4\system\CodeIgniter.php(951): App\Controllers\Auth->authenticate()
#8 C:\xampp\htdocs\pos_ci4\system\CodeIgniter.php(497): CodeIgniter\CodeIgniter->runController(Object(App\Controllers\Auth))
#9 C:\xampp\htdocs\pos_ci4\system\CodeIgniter.php(340): CodeIgniter\CodeIgniter->handleRequest(NULL, Object(Config\Cache), false)
#10 C:\xampp\htdocs\pos_ci4\system\Boot.php(417): CodeIgniter\CodeIgniter->run()
#11 C:\xampp\htdocs\pos_ci4\system\Boot.php(68): CodeIgniter\Boot::runCodeIgniter(Object(CodeIgniter\CodeIgniter))
#12 C:\xampp\htdocs\pos_ci4\public\index.php(59): CodeIgniter\Boot::bootWeb(Object(Config\Paths))
#13 C:\xampp\htdocs\pos_ci4\system\rewrite.php(44): require_once('C:\\xampp\\htdocs...')
#14 {main}

Next CodeIgniter\Database\Exceptions\DatabaseException: Unknown database '****' in C:\xampp\htdocs\pos_ci4\system\Database\MySQLi\Connection.php:231
Stack trace:
#0 C:\xampp\htdocs\pos_ci4\system\Database\BaseConnection.php(555): CodeIgniter\Database\MySQLi\Connection->connect(false)
#1 C:\xampp\htdocs\pos_ci4\system\Database\BaseConnection.php(795): CodeIgniter\Database\BaseConnection->initialize()
#2 C:\xampp\htdocs\pos_ci4\system\Database\BaseBuilder.php(1649): CodeIgniter\Database\BaseConnection->query('SELECT *\nFROM `...', Array, false)
#3 C:\xampp\htdocs\pos_ci4\system\Model.php(295): CodeIgniter\Database\BaseBuilder->get()
#4 C:\xampp\htdocs\pos_ci4\system\BaseModel.php(714): CodeIgniter\Model->doFirst()
#5 C:\xampp\htdocs\pos_ci4\app\Controllers\Auth.php(21): CodeIgniter\BaseModel->first()
#6 C:\xampp\htdocs\pos_ci4\system\CodeIgniter.php(951): App\Controllers\Auth->authenticate()
#7 C:\xampp\htdocs\pos_ci4\system\CodeIgniter.php(497): CodeIgniter\CodeIgniter->runController(Object(App\Controllers\Auth))
#8 C:\xampp\htdocs\pos_ci4\system\CodeIgniter.php(340): CodeIgniter\CodeIgniter->handleRequest(NULL, Object(Config\Cache), false)
#9 C:\xampp\htdocs\pos_ci4\system\Boot.php(417): CodeIgniter\CodeIgniter->run()
#10 C:\xampp\htdocs\pos_ci4\system\Boot.php(68): CodeIgniter\Boot::runCodeIgniter(Object(CodeIgniter\CodeIgniter))
#11 C:\xampp\htdocs\pos_ci4\public\index.php(59): CodeIgniter\Boot::bootWeb(Object(Config\Paths))
#12 C:\xampp\htdocs\pos_ci4\system\rewrite.php(44): require_once('C:\\xampp\\htdocs...')
#13 {main}
CRITICAL - 2026-05-02 20:53:07 --> CodeIgniter\Database\Exceptions\DatabaseException: Unable to connect to the database.
Main connection [MySQLi]: Unknown database '****'
[Method: POST, Route: auth/authenticate]
in SYSTEMPATH\Database\BaseConnection.php on line 606.
 1 SYSTEMPATH\Database\BaseConnection.php(795): CodeIgniter\Database\BaseConnection->initialize()
 2 SYSTEMPATH\Database\BaseBuilder.php(1649): CodeIgniter\Database\BaseConnection->query('SELECT *
FROM `users`
WHERE `username` = :username:
 LIMIT 1', [...], false)
 3 SYSTEMPATH\Model.php(295): CodeIgniter\Database\BaseBuilder->get()
 4 SYSTEMPATH\BaseModel.php(714): CodeIgniter\Model->doFirst()
 5 APPPATH\Controllers\Auth.php(21): CodeIgniter\BaseModel->first()
 6 SYSTEMPATH\CodeIgniter.php(951): App\Controllers\Auth->authenticate()
 7 SYSTEMPATH\CodeIgniter.php(497): CodeIgniter\CodeIgniter->runController(Object(App\Controllers\Auth))
 8 SYSTEMPATH\CodeIgniter.php(340): CodeIgniter\CodeIgniter->handleRequest(null, Object(Config\Cache), false)
 9 SYSTEMPATH\Boot.php(417): CodeIgniter\CodeIgniter->run()
10 SYSTEMPATH\Boot.php(68): CodeIgniter\Boot::runCodeIgniter(Object(CodeIgniter\CodeIgniter))
11 FCPATH\index.php(59): CodeIgniter\Boot::bootWeb(Object(Config\Paths))
12 SYSTEMPATH\rewrite.php(44): require_once('C:\\xampp\\htdocs\\pos_ci4\\public\\index.php')
DEBUG - 2026-05-02 20:53:10 --> Session: Class initialized using 'CodeIgniter\Session\Handlers\FileHandler' driver.
DEBUG - 2026-05-02 20:53:13 --> Session: Class initialized using 'CodeIgniter\Session\Handlers\FileHandler' driver.
ERROR - 2026-05-02 20:53:13 --> Error connecting to the database: mysqli_sql_exception: Unknown database 'root' in C:\xampp\htdocs\pos_ci4\system\Database\MySQLi\Connection.php:201
Stack trace:
#0 C:\xampp\htdocs\pos_ci4\system\Database\MySQLi\Connection.php(201): mysqli->real_connect('localhost', 'root', Object(SensitiveParameterValue), 'root', 3306, '', 0)
#1 C:\xampp\htdocs\pos_ci4\system\Database\BaseConnection.php(555): CodeIgniter\Database\MySQLi\Connection->connect(false)
#2 C:\xampp\htdocs\pos_ci4\system\Database\BaseConnection.php(795): CodeIgniter\Database\BaseConnection->initialize()
#3 C:\xampp\htdocs\pos_ci4\system\Database\BaseBuilder.php(1649): CodeIgniter\Database\BaseConnection->query('SELECT *\nFROM `...', Array, false)
#4 C:\xampp\htdocs\pos_ci4\system\Model.php(295): CodeIgniter\Database\BaseBuilder->get()
#5 C:\xampp\htdocs\pos_ci4\system\BaseModel.php(714): CodeIgniter\Model->doFirst()
#6 C:\xampp\htdocs\pos_ci4\app\Controllers\Auth.php(21): CodeIgniter\BaseModel->first()
#7 C:\xampp\htdocs\pos_ci4\system\CodeIgniter.php(951): App\Controllers\Auth->authenticate()
#8 C:\xampp\htdocs\pos_ci4\system\CodeIgniter.php(497): CodeIgniter\CodeIgniter->runController(Object(App\Controllers\Auth))
#9 C:\xampp\htdocs\pos_ci4\system\CodeIgniter.php(340): CodeIgniter\CodeIgniter->handleRequest(NULL, Object(Config\Cache), false)
#10 C:\xampp\htdocs\pos_ci4\system\Boot.php(417): CodeIgniter\CodeIgniter->run()
#11 C:\xampp\htdocs\pos_ci4\system\Boot.php(68): CodeIgniter\Boot::runCodeIgniter(Object(CodeIgniter\CodeIgniter))
#12 C:\xampp\htdocs\pos_ci4\public\index.php(59): CodeIgniter\Boot::bootWeb(Object(Config\Paths))
#13 C:\xampp\htdocs\pos_ci4\system\rewrite.php(44): require_once('C:\\xampp\\htdocs...')
#14 {main}

Next CodeIgniter\Database\Exceptions\DatabaseException: Unknown database '****' in C:\xampp\htdocs\pos_ci4\system\Database\MySQLi\Connection.php:231
Stack trace:
#0 C:\xampp\htdocs\pos_ci4\system\Database\BaseConnection.php(555): CodeIgniter\Database\MySQLi\Connection->connect(false)
#1 C:\xampp\htdocs\pos_ci4\system\Database\BaseConnection.php(795): CodeIgniter\Database\BaseConnection->initialize()
#2 C:\xampp\htdocs\pos_ci4\system\Database\BaseBuilder.php(1649): CodeIgniter\Database\BaseConnection->query('SELECT *\nFROM `...', Array, false)
#3 C:\xampp\htdocs\pos_ci4\system\Model.php(295): CodeIgniter\Database\BaseBuilder->get()
#4 C:\xampp\htdocs\pos_ci4\system\BaseModel.php(714): CodeIgniter\Model->doFirst()
#5 C:\xampp\htdocs\pos_ci4\app\Controllers\Auth.php(21): CodeIgniter\BaseModel->first()
#6 C:\xampp\htdocs\pos_ci4\system\CodeIgniter.php(951): App\Controllers\Auth->authenticate()
#7 C:\xampp\htdocs\pos_ci4\system\CodeIgniter.php(497): CodeIgniter\CodeIgniter->runController(Object(App\Controllers\Auth))
#8 C:\xampp\htdocs\pos_ci4\system\CodeIgniter.php(340): CodeIgniter\CodeIgniter->handleRequest(NULL, Object(Config\Cache), false)
#9 C:\xampp\htdocs\pos_ci4\system\Boot.php(417): CodeIgniter\CodeIgniter->run()
#10 C:\xampp\htdocs\pos_ci4\system\Boot.php(68): CodeIgniter\Boot::runCodeIgniter(Object(CodeIgniter\CodeIgniter))
#11 C:\xampp\htdocs\pos_ci4\public\index.php(59): CodeIgniter\Boot::bootWeb(Object(Config\Paths))
#12 C:\xampp\htdocs\pos_ci4\system\rewrite.php(44): require_once('C:\\xampp\\htdocs...')
#13 {main}
CRITICAL - 2026-05-02 20:53:13 --> CodeIgniter\Database\Exceptions\DatabaseException: Unable to connect to the database.
Main connection [MySQLi]: Unknown database '****'
[Method: POST, Route: auth/authenticate]
in SYSTEMPATH\Database\BaseConnection.php on line 606.
 1 SYSTEMPATH\Database\BaseConnection.php(795): CodeIgniter\Database\BaseConnection->initialize()
 2 SYSTEMPATH\Database\BaseBuilder.php(1649): CodeIgniter\Database\BaseConnection->query('SELECT *
FROM `users`
WHERE `username` = :username:
 LIMIT 1', [...], false)
 3 SYSTEMPATH\Model.php(295): CodeIgniter\Database\BaseBuilder->get()
 4 SYSTEMPATH\BaseModel.php(714): CodeIgniter\Model->doFirst()
 5 APPPATH\Controllers\Auth.php(21): CodeIgniter\BaseModel->first()
 6 SYSTEMPATH\CodeIgniter.php(951): App\Controllers\Auth->authenticate()
 7 SYSTEMPATH\CodeIgniter.php(497): CodeIgniter\CodeIgniter->runController(Object(App\Controllers\Auth))
 8 SYSTEMPATH\CodeIgniter.php(340): CodeIgniter\CodeIgniter->handleRequest(null, Object(Config\Cache), false)
 9 SYSTEMPATH\Boot.php(417): CodeIgniter\CodeIgniter->run()
10 SYSTEMPATH\Boot.php(68): CodeIgniter\Boot::runCodeIgniter(Object(CodeIgniter\CodeIgniter))
11 FCPATH\index.php(59): CodeIgniter\Boot::bootWeb(Object(Config\Paths))
12 SYSTEMPATH\rewrite.php(44): require_once('C:\\xampp\\htdocs\\pos_ci4\\public\\index.php')
DEBUG - 2026-05-02 20:54:14 --> Session: Class initialized using 'CodeIgniter\Session\Handlers\FileHandler' driver.
DEBUG - 2026-05-02 20:54:17 --> Session: Class initialized using 'CodeIgniter\Session\Handlers\FileHandler' driver.
DEBUG - 2026-05-02 20:54:17 --> Session: Class initialized using 'CodeIgniter\Session\Handlers\FileHandler' driver.
DEBUG - 2026-05-02 20:54:31 --> Session: Class initialized using 'CodeIgniter\Session\Handlers\FileHandler' driver.
DEBUG - 2026-05-02 20:54:31 --> Session: Class initialized using 'CodeIgniter\Session\Handlers\FileHandler' driver.
DEBUG - 2026-05-02 20:54:43 --> Session: Class initialized using 'CodeIgniter\Session\Handlers\FileHandler' driver.
DEBUG - 2026-05-02 20:54:44 --> Session: Class initialized using 'CodeIgniter\Session\Handlers\FileHandler' driver.
DEBUG - 2026-05-02 20:56:07 --> Session: Class initialized using 'CodeIgniter\Session\Handlers\FileHandler' driver.
DEBUG - 2026-05-02 20:56:12 --> Session: Class initialized using 'CodeIgniter\Session\Handlers\FileHandler' driver.
DEBUG - 2026-05-02 20:56:13 --> Session: Class initialized using 'CodeIgniter\Session\Handlers\FileHandler' driver.
DEBUG - 2026-05-02 20:59:40 --> Session: Class initialized using 'CodeIgniter\Session\Handlers\FileHandler' driver.
DEBUG - 2026-05-02 20:59:46 --> Session: Class initialized using 'CodeIgniter\Session\Handlers\FileHandler' driver.
DEBUG - 2026-05-02 20:59:46 --> Session: Class initialized using 'CodeIgniter\Session\Handlers\FileHandler' driver.
DEBUG - 2026-05-02 21:00:58 --> Session: Class initialized using 'CodeIgniter\Session\Handlers\FileHandler' driver.
DEBUG - 2026-05-02 21:01:04 --> Session: Class initialized using 'CodeIgniter\Session\Handlers\FileHandler' driver.
DEBUG - 2026-05-02 21:01:05 --> Session: Class initialized using 'CodeIgniter\Session\Handlers\FileHandler' driver.
DEBUG - 2026-05-02 21:13:55 --> Session: Class initialized using 'CodeIgniter\Session\Handlers\FileHandler' driver.
DEBUG - 2026-05-02 21:13:55 --> Session: Class initialized using 'CodeIgniter\Session\Handlers\FileHandler' driver.
DEBUG - 2026-05-02 21:14:02 --> Session: Class initialized using 'CodeIgniter\Session\Handlers\FileHandler' driver.
DEBUG - 2026-05-02 21:14:04 --> Session: Class initialized using 'CodeIgniter\Session\Handlers\FileHandler' driver.
DEBUG - 2026-05-02 21:14:05 --> Session: Class initialized using 'CodeIgniter\Session\Handlers\FileHandler' driver.
DEBUG - 2026-05-02 21:14:07 --> Session: Class initialized using 'CodeIgniter\Session\Handlers\FileHandler' driver.
DEBUG - 2026-05-02 21:14:08 --> Session: Class initialized using 'CodeIgniter\Session\Handlers\FileHandler' driver.
DEBUG - 2026-05-02 21:14:12 --> Session: Class initialized using 'CodeIgniter\Session\Handlers\FileHandler' driver.
DEBUG - 2026-05-02 21:14:13 --> Session: Class initialized using 'CodeIgniter\Session\Handlers\FileHandler' driver.
DEBUG - 2026-05-02 21:14:14 --> Session: Class initialized using 'CodeIgniter\Session\Handlers\FileHandler' driver.
DEBUG - 2026-05-02 21:14:16 --> Session: Class initialized using 'CodeIgniter\Session\Handlers\FileHandler' driver.
DEBUG - 2026-05-02 21:14:17 --> Session: Class initialized using 'CodeIgniter\Session\Handlers\FileHandler' driver.
DEBUG - 2026-05-02 21:14:18 --> Session: Class initialized using 'CodeIgniter\Session\Handlers\FileHandler' driver.
DEBUG - 2026-05-02 21:14:20 --> Session: Class initialized using 'CodeIgniter\Session\Handlers\FileHandler' driver.
DEBUG - 2026-05-02 21:14:22 --> Session: Class initialized using 'CodeIgniter\Session\Handlers\FileHandler' driver.
DEBUG - 2026-05-02 21:14:24 --> Session: Class initialized using 'CodeIgniter\Session\Handlers\FileHandler' driver.
DEBUG - 2026-05-02 21:14:25 --> Session: Class initialized using 'CodeIgniter\Session\Handlers\FileHandler' driver.
DEBUG - 2026-05-02 21:16:22 --> Session: Class initialized using 'CodeIgniter\Session\Handlers\FileHandler' driver.
DEBUG - 2026-05-02 21:16:25 --> Session: Class initialized using 'CodeIgniter\Session\Handlers\FileHandler' driver.
DEBUG - 2026-05-02 21:16:26 --> Session: Class initialized using 'CodeIgniter\Session\Handlers\FileHandler' driver.
DEBUG - 2026-05-02 21:16:32 --> Session: Class initialized using 'CodeIgniter\Session\Handlers\FileHandler' driver.
DEBUG - 2026-05-02 21:16:33 --> Session: Class initialized using 'CodeIgniter\Session\Handlers\FileHandler' driver.
DEBUG - 2026-05-02 21:16:34 --> Session: Class initialized using 'CodeIgniter\Session\Handlers\FileHandler' driver.
DEBUG - 2026-05-02 21:16:39 --> Session: Class initialized using 'CodeIgniter\Session\Handlers\FileHandler' driver.
DEBUG - 2026-05-02 21:16:41 --> Session: Class initialized using 'CodeIgniter\Session\Handlers\FileHandler' driver.
DEBUG - 2026-05-02 21:16:42 --> Session: Class initialized using 'CodeIgniter\Session\Handlers\FileHandler' driver.
DEBUG - 2026-05-02 21:18:40 --> Session: Class initialized using 'CodeIgniter\Session\Handlers\FileHandler' driver.
DEBUG - 2026-05-02 21:18:41 --> Session: Class initialized using 'CodeIgniter\Session\Handlers\FileHandler' driver.
DEBUG - 2026-05-02 21:18:54 --> Session: Class initialized using 'CodeIgniter\Session\Handlers\FileHandler' driver.
DEBUG - 2026-05-02 21:18:54 --> Session: Class initialized using 'CodeIgniter\Session\Handlers\FileHandler' driver.
DEBUG - 2026-05-02 21:19:08 --> Session: Class initialized using 'CodeIgniter\Session\Handlers\FileHandler' driver.
DEBUG - 2026-05-02 21:19:11 --> Session: Class initialized using 'CodeIgniter\Session\Handlers\FileHandler' driver.
DEBUG - 2026-05-02 21:21:12 --> Session: Class initialized using 'CodeIgniter\Session\Handlers\FileHandler' driver.
DEBUG - 2026-05-02 21:26:25 --> Session: Class initialized using 'CodeIgniter\Session\Handlers\FileHandler' driver.
DEBUG - 2026-05-02 21:26:25 --> Session: Class initialized using 'CodeIgniter\Session\Handlers\FileHandler' driver.
DEBUG - 2026-05-02 21:34:58 --> Session: Class initialized using 'CodeIgniter\Session\Handlers\FileHandler' driver.
DEBUG - 2026-05-02 21:35:31 --> Session: Class initialized using 'CodeIgniter\Session\Handlers\FileHandler' driver.
DEBUG - 2026-05-02 21:35:32 --> Session: Class initialized using 'CodeIgniter\Session\Handlers\FileHandler' driver.
DEBUG - 2026-05-02 21:35:38 --> Session: Class initialized using 'CodeIgniter\Session\Handlers\FileHandler' driver.
DEBUG - 2026-05-02 21:35:38 --> Session: Class initialized using 'CodeIgniter\Session\Handlers\FileHandler' driver.
DEBUG - 2026-05-02 21:36:42 --> Session: Class initialized using 'CodeIgniter\Session\Handlers\FileHandler' driver.
DEBUG - 2026-05-02 21:36:42 --> Session: Class initialized using 'CodeIgniter\Session\Handlers\FileHandler' driver.
DEBUG - 2026-05-02 21:38:20 --> Session: Class initialized using 'CodeIgniter\Session\Handlers\FileHandler' driver.
DEBUG - 2026-05-02 21:38:39 --> Session: Class initialized using 'CodeIgniter\Session\Handlers\FileHandler' driver.
DEBUG - 2026-05-02 21:39:37 --> Session: Class initialized using 'CodeIgniter\Session\Handlers\FileHandler' driver.
DEBUG - 2026-05-02 21:40:30 --> Session: Class initialized using 'CodeIgniter\Session\Handlers\FileHandler' driver.
DEBUG - 2026-05-02 21:40:30 --> Session: Class initialized using 'CodeIgniter\Session\Handlers\FileHandler' driver.
DEBUG - 2026-05-02 21:40:33 --> Session: Class initialized using 'CodeIgniter\Session\Handlers\FileHandler' driver.
DEBUG - 2026-05-02 21:40:34 --> Session: Class initialized using 'CodeIgniter\Session\Handlers\FileHandler' driver.
DEBUG - 2026-05-02 21:40:56 --> Session: Class initialized using 'CodeIgniter\Session\Handlers\FileHandler' driver.
DEBUG - 2026-05-02 21:41:01 --> Session: Class initialized using 'CodeIgniter\Session\Handlers\FileHandler' driver.
ERROR - 2026-05-02 21:41:01 --> Cannot delete or update a parent row: a foreign key constraint fails (`pos_db`.`ventas_detalle`, CONSTRAINT `ventas_detalle_ibfk_2` FOREIGN KEY (`id_producto`) REFERENCES `productos` (`id`))
in SYSTEMPATH\Database\MySQLi\Connection.php on line 300.
 1 SYSTEMPATH\Database\MySQLi\Connection.php(300): mysqli->query('DELETE FROM `productos`
WHERE `id` IN (\'1\')', 0)
 2 SYSTEMPATH\Database\BaseConnection.php(910): CodeIgniter\Database\MySQLi\Connection->execute('DELETE FROM `productos`
WHERE `id` IN (\'1\')')
 3 SYSTEMPATH\Database\BaseConnection.php(827): CodeIgniter\Database\BaseConnection->simpleQuery('DELETE FROM `productos`
WHERE `id` IN (\'1\')')
 4 SYSTEMPATH\Database\BaseBuilder.php(2848): CodeIgniter\Database\BaseConnection->query('DELETE FROM `productos`
WHERE `id` IN :id:', [...], false)
 5 SYSTEMPATH\Model.php(441): CodeIgniter\Database\BaseBuilder->delete()
 6 SYSTEMPATH\BaseModel.php(1207): CodeIgniter\Model->doDelete([...], false)
 7 APPPATH\Controllers\Productos.php(80): CodeIgniter\BaseModel->delete([...])
 8 SYSTEMPATH\CodeIgniter.php(951): App\Controllers\Productos->delete('1')
 9 SYSTEMPATH\CodeIgniter.php(497): CodeIgniter\CodeIgniter->runController(Object(App\Controllers\Productos))
10 SYSTEMPATH\CodeIgniter.php(340): CodeIgniter\CodeIgniter->handleRequest(null, Object(Config\Cache), false)
11 SYSTEMPATH\Boot.php(417): CodeIgniter\CodeIgniter->run()
12 SYSTEMPATH\Boot.php(68): CodeIgniter\Boot::runCodeIgniter(Object(CodeIgniter\CodeIgniter))
13 FCPATH\index.php(59): CodeIgniter\Boot::bootWeb(Object(Config\Paths))
14 SYSTEMPATH\rewrite.php(44): require_once('C:\\xampp\\htdocs\\pos_ci4\\public\\index.php')
CRITICAL - 2026-05-02 21:41:01 --> CodeIgniter\Database\Exceptions\DatabaseException: Cannot delete or update a parent row: a foreign key constraint fails (`pos_db`.`ventas_detalle`, CONSTRAINT `ventas_detalle_ibfk_2` FOREIGN KEY (`id_producto`) REFERENCES `productos` (`id`))
[Method: GET, Route: productos/delete/1]
in SYSTEMPATH\Database\BaseConnection.php on line 865.
 1 SYSTEMPATH\Database\BaseBuilder.php(2848): CodeIgniter\Database\BaseConnection->query('DELETE FROM `productos`
WHERE `id` IN :id:', [...], false)
 2 SYSTEMPATH\Model.php(441): CodeIgniter\Database\BaseBuilder->delete()
 3 SYSTEMPATH\BaseModel.php(1207): CodeIgniter\Model->doDelete([...], false)
 4 APPPATH\Controllers\Productos.php(80): CodeIgniter\BaseModel->delete([...])
 5 SYSTEMPATH\CodeIgniter.php(951): App\Controllers\Productos->delete('1')
 6 SYSTEMPATH\CodeIgniter.php(497): CodeIgniter\CodeIgniter->runController(Object(App\Controllers\Productos))
 7 SYSTEMPATH\CodeIgniter.php(340): CodeIgniter\CodeIgniter->handleRequest(null, Object(Config\Cache), false)
 8 SYSTEMPATH\Boot.php(417): CodeIgniter\CodeIgniter->run()
 9 SYSTEMPATH\Boot.php(68): CodeIgniter\Boot::runCodeIgniter(Object(CodeIgniter\CodeIgniter))
10 FCPATH\index.php(59): CodeIgniter\Boot::bootWeb(Object(Config\Paths))
11 SYSTEMPATH\rewrite.php(44): require_once('C:\\xampp\\htdocs\\pos_ci4\\public\\index.php')
CRITICAL - 2026-05-02 21:41:01 --> [Caused by] CodeIgniter\Database\Exceptions\DatabaseException: Cannot delete or update a parent row: a foreign key constraint fails (`pos_db`.`ventas_detalle`, CONSTRAINT `ventas_detalle_ibfk_2` FOREIGN KEY (`id_producto`) REFERENCES `productos` (`id`))
in SYSTEMPATH\Database\MySQLi\Connection.php on line 310.
 1 SYSTEMPATH\Database\BaseConnection.php(910): CodeIgniter\Database\MySQLi\Connection->execute('DELETE FROM `productos`
WHERE `id` IN (\'1\')')
 2 SYSTEMPATH\Database\BaseConnection.php(827): CodeIgniter\Database\BaseConnection->simpleQuery('DELETE FROM `productos`
WHERE `id` IN (\'1\')')
 3 SYSTEMPATH\Database\BaseBuilder.php(2848): CodeIgniter\Database\BaseConnection->query('DELETE FROM `productos`
WHERE `id` IN :id:', [...], false)
 4 SYSTEMPATH\Model.php(441): CodeIgniter\Database\BaseBuilder->delete()
 5 SYSTEMPATH\BaseModel.php(1207): CodeIgniter\Model->doDelete([...], false)
 6 APPPATH\Controllers\Productos.php(80): CodeIgniter\BaseModel->delete([...])
 7 SYSTEMPATH\CodeIgniter.php(951): App\Controllers\Productos->delete('1')
 8 SYSTEMPATH\CodeIgniter.php(497): CodeIgniter\CodeIgniter->runController(Object(App\Controllers\Productos))
 9 SYSTEMPATH\CodeIgniter.php(340): CodeIgniter\CodeIgniter->handleRequest(null, Object(Config\Cache), false)
10 SYSTEMPATH\Boot.php(417): CodeIgniter\CodeIgniter->run()
11 SYSTEMPATH\Boot.php(68): CodeIgniter\Boot::runCodeIgniter(Object(CodeIgniter\CodeIgniter))
12 FCPATH\index.php(59): CodeIgniter\Boot::bootWeb(Object(Config\Paths))
13 SYSTEMPATH\rewrite.php(44): require_once('C:\\xampp\\htdocs\\pos_ci4\\public\\index.php')
CRITICAL - 2026-05-02 21:41:01 --> [Caused by] mysqli_sql_exception: Cannot delete or update a parent row: a foreign key constraint fails (`pos_db`.`ventas_detalle`, CONSTRAINT `ventas_detalle_ibfk_2` FOREIGN KEY (`id_producto`) REFERENCES `productos` (`id`))
in SYSTEMPATH\Database\MySQLi\Connection.php on line 300.
 1 SYSTEMPATH\Database\MySQLi\Connection.php(300): mysqli->query('DELETE FROM `productos`
WHERE `id` IN (\'1\')', 0)
 2 SYSTEMPATH\Database\BaseConnection.php(910): CodeIgniter\Database\MySQLi\Connection->execute('DELETE FROM `productos`
WHERE `id` IN (\'1\')')
 3 SYSTEMPATH\Database\BaseConnection.php(827): CodeIgniter\Database\BaseConnection->simpleQuery('DELETE FROM `productos`
WHERE `id` IN (\'1\')')
 4 SYSTEMPATH\Database\BaseBuilder.php(2848): CodeIgniter\Database\BaseConnection->query('DELETE FROM `productos`
WHERE `id` IN :id:', [...], false)
 5 SYSTEMPATH\Model.php(441): CodeIgniter\Database\BaseBuilder->delete()
 6 SYSTEMPATH\BaseModel.php(1207): CodeIgniter\Model->doDelete([...], false)
 7 APPPATH\Controllers\Productos.php(80): CodeIgniter\BaseModel->delete([...])
 8 SYSTEMPATH\CodeIgniter.php(951): App\Controllers\Productos->delete('1')
 9 SYSTEMPATH\CodeIgniter.php(497): CodeIgniter\CodeIgniter->runController(Object(App\Controllers\Productos))
10 SYSTEMPATH\CodeIgniter.php(340): CodeIgniter\CodeIgniter->handleRequest(null, Object(Config\Cache), false)
11 SYSTEMPATH\Boot.php(417): CodeIgniter\CodeIgniter->run()
12 SYSTEMPATH\Boot.php(68): CodeIgniter\Boot::runCodeIgniter(Object(CodeIgniter\CodeIgniter))
13 FCPATH\index.php(59): CodeIgniter\Boot::bootWeb(Object(Config\Paths))
14 SYSTEMPATH\rewrite.php(44): require_once('C:\\xampp\\htdocs\\pos_ci4\\public\\index.php')
DEBUG - 2026-05-02 21:41:08 --> Session: Class initialized using 'CodeIgniter\Session\Handlers\FileHandler' driver.
DEBUG - 2026-05-02 21:41:12 --> Session: Class initialized using 'CodeIgniter\Session\Handlers\FileHandler' driver.
ERROR - 2026-05-02 21:41:12 --> Cannot delete or update a parent row: a foreign key constraint fails (`pos_db`.`ventas_detalle`, CONSTRAINT `ventas_detalle_ibfk_2` FOREIGN KEY (`id_producto`) REFERENCES `productos` (`id`))
in SYSTEMPATH\Database\MySQLi\Connection.php on line 300.
 1 SYSTEMPATH\Database\MySQLi\Connection.php(300): mysqli->query('DELETE FROM `productos`
WHERE `id` IN (\'1\')', 0)
 2 SYSTEMPATH\Database\BaseConnection.php(910): CodeIgniter\Database\MySQLi\Connection->execute('DELETE FROM `productos`
WHERE `id` IN (\'1\')')
 3 SYSTEMPATH\Database\BaseConnection.php(827): CodeIgniter\Database\BaseConnection->simpleQuery('DELETE FROM `productos`
WHERE `id` IN (\'1\')')
 4 SYSTEMPATH\Database\BaseBuilder.php(2848): CodeIgniter\Database\BaseConnection->query('DELETE FROM `productos`
WHERE `id` IN :id:', [...], false)
 5 SYSTEMPATH\Model.php(441): CodeIgniter\Database\BaseBuilder->delete()
 6 SYSTEMPATH\BaseModel.php(1207): CodeIgniter\Model->doDelete([...], false)
 7 APPPATH\Controllers\Productos.php(80): CodeIgniter\BaseModel->delete([...])
 8 SYSTEMPATH\CodeIgniter.php(951): App\Controllers\Productos->delete('1')
 9 SYSTEMPATH\CodeIgniter.php(497): CodeIgniter\CodeIgniter->runController(Object(App\Controllers\Productos))
10 SYSTEMPATH\CodeIgniter.php(340): CodeIgniter\CodeIgniter->handleRequest(null, Object(Config\Cache), false)
11 SYSTEMPATH\Boot.php(417): CodeIgniter\CodeIgniter->run()
12 SYSTEMPATH\Boot.php(68): CodeIgniter\Boot::runCodeIgniter(Object(CodeIgniter\CodeIgniter))
13 FCPATH\index.php(59): CodeIgniter\Boot::bootWeb(Object(Config\Paths))
14 SYSTEMPATH\rewrite.php(44): require_once('C:\\xampp\\htdocs\\pos_ci4\\public\\index.php')
CRITICAL - 2026-05-02 21:41:12 --> CodeIgniter\Database\Exceptions\DatabaseException: Cannot delete or update a parent row: a foreign key constraint fails (`pos_db`.`ventas_detalle`, CONSTRAINT `ventas_detalle_ibfk_2` FOREIGN KEY (`id_producto`) REFERENCES `productos` (`id`))
[Method: GET, Route: productos/delete/1]
in SYSTEMPATH\Database\BaseConnection.php on line 865.
 1 SYSTEMPATH\Database\BaseBuilder.php(2848): CodeIgniter\Database\BaseConnection->query('DELETE FROM `productos`
WHERE `id` IN :id:', [...], false)
 2 SYSTEMPATH\Model.php(441): CodeIgniter\Database\BaseBuilder->delete()
 3 SYSTEMPATH\BaseModel.php(1207): CodeIgniter\Model->doDelete([...], false)
 4 APPPATH\Controllers\Productos.php(80): CodeIgniter\BaseModel->delete([...])
 5 SYSTEMPATH\CodeIgniter.php(951): App\Controllers\Productos->delete('1')
 6 SYSTEMPATH\CodeIgniter.php(497): CodeIgniter\CodeIgniter->runController(Object(App\Controllers\Productos))
 7 SYSTEMPATH\CodeIgniter.php(340): CodeIgniter\CodeIgniter->handleRequest(null, Object(Config\Cache), false)
 8 SYSTEMPATH\Boot.php(417): CodeIgniter\CodeIgniter->run()
 9 SYSTEMPATH\Boot.php(68): CodeIgniter\Boot::runCodeIgniter(Object(CodeIgniter\CodeIgniter))
10 FCPATH\index.php(59): CodeIgniter\Boot::bootWeb(Object(Config\Paths))
11 SYSTEMPATH\rewrite.php(44): require_once('C:\\xampp\\htdocs\\pos_ci4\\public\\index.php')
CRITICAL - 2026-05-02 21:41:12 --> [Caused by] CodeIgniter\Database\Exceptions\DatabaseException: Cannot delete or update a parent row: a foreign key constraint fails (`pos_db`.`ventas_detalle`, CONSTRAINT `ventas_detalle_ibfk_2` FOREIGN KEY (`id_producto`) REFERENCES `productos` (`id`))
in SYSTEMPATH\Database\MySQLi\Connection.php on line 310.
 1 SYSTEMPATH\Database\BaseConnection.php(910): CodeIgniter\Database\MySQLi\Connection->execute('DELETE FROM `productos`
WHERE `id` IN (\'1\')')
 2 SYSTEMPATH\Database\BaseConnection.php(827): CodeIgniter\Database\BaseConnection->simpleQuery('DELETE FROM `productos`
WHERE `id` IN (\'1\')')
 3 SYSTEMPATH\Database\BaseBuilder.php(2848): CodeIgniter\Database\BaseConnection->query('DELETE FROM `productos`
WHERE `id` IN :id:', [...], false)
 4 SYSTEMPATH\Model.php(441): CodeIgniter\Database\BaseBuilder->delete()
 5 SYSTEMPATH\BaseModel.php(1207): CodeIgniter\Model->doDelete([...], false)
 6 APPPATH\Controllers\Productos.php(80): CodeIgniter\BaseModel->delete([...])
 7 SYSTEMPATH\CodeIgniter.php(951): App\Controllers\Productos->delete('1')
 8 SYSTEMPATH\CodeIgniter.php(497): CodeIgniter\CodeIgniter->runController(Object(App\Controllers\Productos))
 9 SYSTEMPATH\CodeIgniter.php(340): CodeIgniter\CodeIgniter->handleRequest(null, Object(Config\Cache), false)
10 SYSTEMPATH\Boot.php(417): CodeIgniter\CodeIgniter->run()
11 SYSTEMPATH\Boot.php(68): CodeIgniter\Boot::runCodeIgniter(Object(CodeIgniter\CodeIgniter))
12 FCPATH\index.php(59): CodeIgniter\Boot::bootWeb(Object(Config\Paths))
13 SYSTEMPATH\rewrite.php(44): require_once('C:\\xampp\\htdocs\\pos_ci4\\public\\index.php')
CRITICAL - 2026-05-02 21:41:12 --> [Caused by] mysqli_sql_exception: Cannot delete or update a parent row: a foreign key constraint fails (`pos_db`.`ventas_detalle`, CONSTRAINT `ventas_detalle_ibfk_2` FOREIGN KEY (`id_producto`) REFERENCES `productos` (`id`))
in SYSTEMPATH\Database\MySQLi\Connection.php on line 300.
 1 SYSTEMPATH\Database\MySQLi\Connection.php(300): mysqli->query('DELETE FROM `productos`
WHERE `id` IN (\'1\')', 0)
 2 SYSTEMPATH\Database\BaseConnection.php(910): CodeIgniter\Database\MySQLi\Connection->execute('DELETE FROM `productos`
WHERE `id` IN (\'1\')')
 3 SYSTEMPATH\Database\BaseConnection.php(827): CodeIgniter\Database\BaseConnection->simpleQuery('DELETE FROM `productos`
WHERE `id` IN (\'1\')')
 4 SYSTEMPATH\Database\BaseBuilder.php(2848): CodeIgniter\Database\BaseConnection->query('DELETE FROM `productos`
WHERE `id` IN :id:', [...], false)
 5 SYSTEMPATH\Model.php(441): CodeIgniter\Database\BaseBuilder->delete()
 6 SYSTEMPATH\BaseModel.php(1207): CodeIgniter\Model->doDelete([...], false)
 7 APPPATH\Controllers\Productos.php(80): CodeIgniter\BaseModel->delete([...])
 8 SYSTEMPATH\CodeIgniter.php(951): App\Controllers\Productos->delete('1')
 9 SYSTEMPATH\CodeIgniter.php(497): CodeIgniter\CodeIgniter->runController(Object(App\Controllers\Productos))
10 SYSTEMPATH\CodeIgniter.php(340): CodeIgniter\CodeIgniter->handleRequest(null, Object(Config\Cache), false)
11 SYSTEMPATH\Boot.php(417): CodeIgniter\CodeIgniter->run()
12 SYSTEMPATH\Boot.php(68): CodeIgniter\Boot::runCodeIgniter(Object(CodeIgniter\CodeIgniter))
13 FCPATH\index.php(59): CodeIgniter\Boot::bootWeb(Object(Config\Paths))
14 SYSTEMPATH\rewrite.php(44): require_once('C:\\xampp\\htdocs\\pos_ci4\\public\\index.php')
DEBUG - 2026-05-02 21:41:16 --> Session: Class initialized using 'CodeIgniter\Session\Handlers\FileHandler' driver.
DEBUG - 2026-05-02 21:41:16 --> Session: Class initialized using 'CodeIgniter\Session\Handlers\FileHandler' driver.
DEBUG - 2026-05-02 21:41:20 --> Session: Class initialized using 'CodeIgniter\Session\Handlers\FileHandler' driver.
ERROR - 2026-05-02 21:41:20 --> Cannot delete or update a parent row: a foreign key constraint fails (`pos_db`.`ventas_detalle`, CONSTRAINT `ventas_detalle_ibfk_2` FOREIGN KEY (`id_producto`) REFERENCES `productos` (`id`))
in SYSTEMPATH\Database\MySQLi\Connection.php on line 300.
 1 SYSTEMPATH\Database\MySQLi\Connection.php(300): mysqli->query('DELETE FROM `productos`
WHERE `id` IN (\'1\')', 0)
 2 SYSTEMPATH\Database\BaseConnection.php(910): CodeIgniter\Database\MySQLi\Connection->execute('DELETE FROM `productos`
WHERE `id` IN (\'1\')')
 3 SYSTEMPATH\Database\BaseConnection.php(827): CodeIgniter\Database\BaseConnection->simpleQuery('DELETE FROM `productos`
WHERE `id` IN (\'1\')')
 4 SYSTEMPATH\Database\BaseBuilder.php(2848): CodeIgniter\Database\BaseConnection->query('DELETE FROM `productos`
WHERE `id` IN :id:', [...], false)
 5 SYSTEMPATH\Model.php(441): CodeIgniter\Database\BaseBuilder->delete()
 6 SYSTEMPATH\BaseModel.php(1207): CodeIgniter\Model->doDelete([...], false)
 7 APPPATH\Controllers\Productos.php(80): CodeIgniter\BaseModel->delete([...])
 8 SYSTEMPATH\CodeIgniter.php(951): App\Controllers\Productos->delete('1')
 9 SYSTEMPATH\CodeIgniter.php(497): CodeIgniter\CodeIgniter->runController(Object(App\Controllers\Productos))
10 SYSTEMPATH\CodeIgniter.php(340): CodeIgniter\CodeIgniter->handleRequest(null, Object(Config\Cache), false)
11 SYSTEMPATH\Boot.php(417): CodeIgniter\CodeIgniter->run()
12 SYSTEMPATH\Boot.php(68): CodeIgniter\Boot::runCodeIgniter(Object(CodeIgniter\CodeIgniter))
13 FCPATH\index.php(59): CodeIgniter\Boot::bootWeb(Object(Config\Paths))
14 SYSTEMPATH\rewrite.php(44): require_once('C:\\xampp\\htdocs\\pos_ci4\\public\\index.php')
CRITICAL - 2026-05-02 21:41:20 --> CodeIgniter\Database\Exceptions\DatabaseException: Cannot delete or update a parent row: a foreign key constraint fails (`pos_db`.`ventas_detalle`, CONSTRAINT `ventas_detalle_ibfk_2` FOREIGN KEY (`id_producto`) REFERENCES `productos` (`id`))
[Method: GET, Route: productos/delete/1]
in SYSTEMPATH\Database\BaseConnection.php on line 865.
 1 SYSTEMPATH\Database\BaseBuilder.php(2848): CodeIgniter\Database\BaseConnection->query('DELETE FROM `productos`
WHERE `id` IN :id:', [...], false)
 2 SYSTEMPATH\Model.php(441): CodeIgniter\Database\BaseBuilder->delete()
 3 SYSTEMPATH\BaseModel.php(1207): CodeIgniter\Model->doDelete([...], false)
 4 APPPATH\Controllers\Productos.php(80): CodeIgniter\BaseModel->delete([...])
 5 SYSTEMPATH\CodeIgniter.php(951): App\Controllers\Productos->delete('1')
 6 SYSTEMPATH\CodeIgniter.php(497): CodeIgniter\CodeIgniter->runController(Object(App\Controllers\Productos))
 7 SYSTEMPATH\CodeIgniter.php(340): CodeIgniter\CodeIgniter->handleRequest(null, Object(Config\Cache), false)
 8 SYSTEMPATH\Boot.php(417): CodeIgniter\CodeIgniter->run()
 9 SYSTEMPATH\Boot.php(68): CodeIgniter\Boot::runCodeIgniter(Object(CodeIgniter\CodeIgniter))
10 FCPATH\index.php(59): CodeIgniter\Boot::bootWeb(Object(Config\Paths))
11 SYSTEMPATH\rewrite.php(44): require_once('C:\\xampp\\htdocs\\pos_ci4\\public\\index.php')
CRITICAL - 2026-05-02 21:41:20 --> [Caused by] CodeIgniter\Database\Exceptions\DatabaseException: Cannot delete or update a parent row: a foreign key constraint fails (`pos_db`.`ventas_detalle`, CONSTRAINT `ventas_detalle_ibfk_2` FOREIGN KEY (`id_producto`) REFERENCES `productos` (`id`))
in SYSTEMPATH\Database\MySQLi\Connection.php on line 310.
 1 SYSTEMPATH\Database\BaseConnection.php(910): CodeIgniter\Database\MySQLi\Connection->execute('DELETE FROM `productos`
WHERE `id` IN (\'1\')')
 2 SYSTEMPATH\Database\BaseConnection.php(827): CodeIgniter\Database\BaseConnection->simpleQuery('DELETE FROM `productos`
WHERE `id` IN (\'1\')')
 3 SYSTEMPATH\Database\BaseBuilder.php(2848): CodeIgniter\Database\BaseConnection->query('DELETE FROM `productos`
WHERE `id` IN :id:', [...], false)
 4 SYSTEMPATH\Model.php(441): CodeIgniter\Database\BaseBuilder->delete()
 5 SYSTEMPATH\BaseModel.php(1207): CodeIgniter\Model->doDelete([...], false)
 6 APPPATH\Controllers\Productos.php(80): CodeIgniter\BaseModel->delete([...])
 7 SYSTEMPATH\CodeIgniter.php(951): App\Controllers\Productos->delete('1')
 8 SYSTEMPATH\CodeIgniter.php(497): CodeIgniter\CodeIgniter->runController(Object(App\Controllers\Productos))
 9 SYSTEMPATH\CodeIgniter.php(340): CodeIgniter\CodeIgniter->handleRequest(null, Object(Config\Cache), false)
10 SYSTEMPATH\Boot.php(417): CodeIgniter\CodeIgniter->run()
11 SYSTEMPATH\Boot.php(68): CodeIgniter\Boot::runCodeIgniter(Object(CodeIgniter\CodeIgniter))
12 FCPATH\index.php(59): CodeIgniter\Boot::bootWeb(Object(Config\Paths))
13 SYSTEMPATH\rewrite.php(44): require_once('C:\\xampp\\htdocs\\pos_ci4\\public\\index.php')
CRITICAL - 2026-05-02 21:41:20 --> [Caused by] mysqli_sql_exception: Cannot delete or update a parent row: a foreign key constraint fails (`pos_db`.`ventas_detalle`, CONSTRAINT `ventas_detalle_ibfk_2` FOREIGN KEY (`id_producto`) REFERENCES `productos` (`id`))
in SYSTEMPATH\Database\MySQLi\Connection.php on line 300.
 1 SYSTEMPATH\Database\MySQLi\Connection.php(300): mysqli->query('DELETE FROM `productos`
WHERE `id` IN (\'1\')', 0)
 2 SYSTEMPATH\Database\BaseConnection.php(910): CodeIgniter\Database\MySQLi\Connection->execute('DELETE FROM `productos`
WHERE `id` IN (\'1\')')
 3 SYSTEMPATH\Database\BaseConnection.php(827): CodeIgniter\Database\BaseConnection->simpleQuery('DELETE FROM `productos`
WHERE `id` IN (\'1\')')
 4 SYSTEMPATH\Database\BaseBuilder.php(2848): CodeIgniter\Database\BaseConnection->query('DELETE FROM `productos`
WHERE `id` IN :id:', [...], false)
 5 SYSTEMPATH\Model.php(441): CodeIgniter\Database\BaseBuilder->delete()
 6 SYSTEMPATH\BaseModel.php(1207): CodeIgniter\Model->doDelete([...], false)
 7 APPPATH\Controllers\Productos.php(80): CodeIgniter\BaseModel->delete([...])
 8 SYSTEMPATH\CodeIgniter.php(951): App\Controllers\Productos->delete('1')
 9 SYSTEMPATH\CodeIgniter.php(497): CodeIgniter\CodeIgniter->runController(Object(App\Controllers\Productos))
10 SYSTEMPATH\CodeIgniter.php(340): CodeIgniter\CodeIgniter->handleRequest(null, Object(Config\Cache), false)
11 SYSTEMPATH\Boot.php(417): CodeIgniter\CodeIgniter->run()
12 SYSTEMPATH\Boot.php(68): CodeIgniter\Boot::runCodeIgniter(Object(CodeIgniter\CodeIgniter))
13 FCPATH\index.php(59): CodeIgniter\Boot::bootWeb(Object(Config\Paths))
14 SYSTEMPATH\rewrite.php(44): require_once('C:\\xampp\\htdocs\\pos_ci4\\public\\index.php')
DEBUG - 2026-05-02 21:41:27 --> Session: Class initialized using 'CodeIgniter\Session\Handlers\FileHandler' driver.
DEBUG - 2026-05-02 21:41:27 --> Session: Class initialized using 'CodeIgniter\Session\Handlers\FileHandler' driver.
DEBUG - 2026-05-02 21:41:28 --> Session: Class initialized using 'CodeIgniter\Session\Handlers\FileHandler' driver.
DEBUG - 2026-05-02 21:41:42 --> Session: Class initialized using 'CodeIgniter\Session\Handlers\FileHandler' driver.
DEBUG - 2026-05-02 21:41:42 --> Session: Class initialized using 'CodeIgniter\Session\Handlers\FileHandler' driver.
DEBUG - 2026-05-02 21:41:49 --> Session: Class initialized using 'CodeIgniter\Session\Handlers\FileHandler' driver.
DEBUG - 2026-05-02 21:41:51 --> Session: Class initialized using 'CodeIgniter\Session\Handlers\FileHandler' driver.
DEBUG - 2026-05-02 21:41:53 --> Session: Class initialized using 'CodeIgniter\Session\Handlers\FileHandler' driver.
DEBUG - 2026-05-02 21:42:35 --> Session: Class initialized using 'CodeIgniter\Session\Handlers\FileHandler' driver.
DEBUG - 2026-05-02 21:42:35 --> Session: Class initialized using 'CodeIgniter\Session\Handlers\FileHandler' driver.
DEBUG - 2026-05-02 21:42:46 --> Session: Class initialized using 'CodeIgniter\Session\Handlers\FileHandler' driver.
DEBUG - 2026-05-02 21:42:47 --> Session: Class initialized using 'CodeIgniter\Session\Handlers\FileHandler' driver.
DEBUG - 2026-05-02 21:42:48 --> Session: Class initialized using 'CodeIgniter\Session\Handlers\FileHandler' driver.
DEBUG - 2026-05-02 21:42:53 --> Session: Class initialized using 'CodeIgniter\Session\Handlers\FileHandler' driver.
DEBUG - 2026-05-02 21:43:04 --> Session: Class initialized using 'CodeIgniter\Session\Handlers\FileHandler' driver.
DEBUG - 2026-05-02 21:43:04 --> Session: Class initialized using 'CodeIgniter\Session\Handlers\FileHandler' driver.
DEBUG - 2026-05-02 21:43:30 --> Session: Class initialized using 'CodeIgniter\Session\Handlers\FileHandler' driver.
DEBUG - 2026-05-02 21:43:30 --> Session: Class initialized using 'CodeIgniter\Session\Handlers\FileHandler' driver.
DEBUG - 2026-05-02 21:43:35 --> Session: Class initialized using 'CodeIgniter\Session\Handlers\FileHandler' driver.
DEBUG - 2026-05-02 21:43:39 --> Session: Class initialized using 'CodeIgniter\Session\Handlers\FileHandler' driver.
DEBUG - 2026-05-02 21:44:26 --> Session: Class initialized using 'CodeIgniter\Session\Handlers\FileHandler' driver.
DEBUG - 2026-05-02 21:44:26 --> Session: Class initialized using 'CodeIgniter\Session\Handlers\FileHandler' driver.
DEBUG - 2026-05-02 21:44:33 --> Session: Class initialized using 'CodeIgniter\Session\Handlers\FileHandler' driver.
DEBUG - 2026-05-02 21:44:38 --> Session: Class initialized using 'CodeIgniter\Session\Handlers\FileHandler' driver.
DEBUG - 2026-05-02 21:45:28 --> Session: Class initialized using 'CodeIgniter\Session\Handlers\FileHandler' driver.
DEBUG - 2026-05-02 21:45:28 --> Session: Class initialized using 'CodeIgniter\Session\Handlers\FileHandler' driver.
DEBUG - 2026-05-02 21:49:32 --> Session: Class initialized using 'CodeIgniter\Session\Handlers\FileHandler' driver.
DEBUG - 2026-05-02 21:49:34 --> Session: Class initialized using 'CodeIgniter\Session\Handlers\FileHandler' driver.
DEBUG - 2026-05-02 21:49:34 --> Session: Class initialized using 'CodeIgniter\Session\Handlers\FileHandler' driver.
